403;201;0.55;0.1;Cycle;insert;2512;198.03;211 178 100 44 23 14 62 13 205 204 24 36 32 274 33 376 68 38 270 19 18 402 287 83 43 34 295 50 56 85 136 304 394 225 58 8 6 64 3 2 61 107 386 47 112 322 257 218 84 272 28 151 101 91 318 152 59 130 314 310 29 77 31 52 40 39 262 261 78 226 147 79 69 245 81 22 21 82 247 167 54 202 246 137 335 373 172 26 133 1 333 267 281 221 67 66 60 98 88 96 94 308 260 65 90 72 57 160 25 141 116 92 51 49 37 301 120 392 351 293 93 203 313 143 164 365 139 169 27 180 165 364 303 71 242 70 150 349 73 248 99 389 187 331 20 206 30 170 334 158 269 207 45 131 355 115 114 353 263 201 89 239 117 209 278 122 119 168 104 384 383 145 217 238 146 144 397 5 105 391 154 106 340 177 372 356 251 108 256 109 275 210 265 326 258 307 7 374 363 289 231 288 123 192 189 140 102 124 284 290 125 74 214 401 216 200 198 195 159 323 305 215 309 142 127 191 162 48 264 358 327 234 228 224 129 255 232 240 219 196 0 285 282 357 121 208 132 243 175 291 315 163 15 161 148 325 134 306 319 135 280 279 42 236 227 320 254 223 344 345 173 354 342 266 166 199 149 347 352 385 300 153 76 387 9 286 273 370 328 237 193 190 138 297 332 296 171 63 337 268 16 176 156 390 252 399 377 155 378 398 396 87 233 324 381 157 339 241 330 329 294 46 97 194 380 379 230 382 212 235 113 350 110 222 185 336 292 111 359 182 179 368 183 17 12 128 244 80 95 55 360 184 4 174 250 302 118 369 181 346 338 186 53 400 188 299 298 375 371 395 220 197 103 276 259 213 41 126 271 317 283 277 341 311 10 316 249 361 229 393 366 321 362 253 367 75 86 11 388 348 343 312 35 211
403;201;0.55;0.1;Cycle;insert;2521;171.844;140 101 178 100 44 23 14 62 13 205 204 24 36 246 32 274 46 33 376 68 38 270 19 18 195 211 402 287 83 43 34 150 9 50 56 85 394 225 58 8 6 64 3 2 61 107 386 47 112 322 257 312 35 130 387 84 272 28 126 55 165 314 59 152 310 29 77 31 52 40 39 78 226 147 136 79 69 245 232 167 253 81 22 21 184 82 247 308 26 141 116 196 45 335 311 27 157 1 333 267 281 217 203 166 67 66 60 98 88 96 94 90 72 57 164 25 237 92 51 49 37 54 301 120 392 351 293 91 375 191 187 93 145 160 365 262 261 95 303 71 142 218 349 73 99 389 111 369 207 0 206 30 131 355 115 114 353 263 159 7 360 128 307 20 302 118 151 11 372 278 122 119 168 109 104 384 383 238 146 144 239 70 177 105 391 154 106 340 213 356 251 328 317 108 255 248 265 275 210 318 110 326 258 97 241 268 16 374 363 289 123 192 189 124 269 182 170 284 290 125 74 214 401 216 200 198 193 65 222 185 153 76 331 323 305 215 309 202 102 162 48 234 228 224 129 313 143 86 271 350 285 282 357 121 367 75 252 371 133 132 243 175 291 315 161 148 325 134 306 319 135 280 279 236 227 320 137 332 173 354 342 266 221 199 295 361 229 393 149 347 352 286 273 395 190 138 297 172 276 298 171 63 337 176 156 390 220 197 155 378 398 396 370 358 194 324 381 103 254 223 400 158 339 264 330 329 294 208 230 382 212 233 380 379 345 299 259 388 348 343 240 219 397 260 209 41 163 15 364 368 169 10 87 179 334 180 359 42 183 17 12 174 250 201 89 127 399 377 186 53 344 242 117 235 113 327 244 80 283 277 341 139 4 181 346 338 304 5 231 288 188 296 316 256 249 336 292 366 321 362 373 385 300 140
403;201;0.55;0.1;Cycle;insert;2526;123.256;190 100 44 131 23 14 62 13 205 204 311 10 237 24 36 32 274 46 222 185 33 376 68 38 270 19 18 402 287 83 43 34 295 211 304 394 225 137 58 8 6 64 3 2 61 107 386 47 112 251 322 257 103 260 166 199 220 84 272 28 140 11 359 86 101 126 55 136 367 76 307 310 29 77 31 52 40 39 78 226 147 79 69 245 81 22 21 85 82 247 249 167 54 152 75 157 1 333 267 281 218 197 221 67 66 60 98 88 96 94 90 72 57 387 9 92 51 49 37 316 120 392 351 293 93 145 139 246 95 142 364 303 71 208 50 56 217 349 73 99 389 187 335 206 30 158 269 373 355 115 114 353 263 102 110 195 174 250 388 286 296 239 117 213 278 122 119 168 104 384 383 361 146 144 105 391 154 106 340 202 91 193 209 356 328 317 109 275 210 265 326 258 111 369 232 177 108 164 25 65 141 116 207 45 374 363 289 123 192 189 124 284 290 125 74 214 401 216 200 198 302 89 331 323 305 215 309 162 48 358 327 128 255 234 228 224 42 231 288 240 219 285 282 357 186 53 400 179 271 370 153 143 375 371 395 132 243 175 291 315 161 148 325 134 306 319 135 280 279 236 227 320 254 223 344 345 173 354 342 266 87 253 188 276 259 182 149 347 352 150 203 176 138 297 130 151 59 172 299 298 171 63 337 312 26 178 156 390 155 378 398 396 233 324 381 170 334 242 70 241 330 329 294 235 121 194 380 379 159 7 133 339 268 16 283 277 341 332 273 169 27 127 399 377 308 5 336 292 180 165 181 346 338 183 17 12 184 4 196 0 244 80 238 229 393 248 348 343 252 191 366 321 362 264 113 350 301 256 97 163 365 360 230 382 212 129 318 314 368 313 20 201 118 262 261 372 41 385 300 160 15 397 35 190
403;201;0.55;0.1;Cycle;insert;2510;178.61;246 178 100 44 23 14 62 13 205 204 24 36 32 274 46 33 376 68 38 270 19 18 43 34 295 103 50 56 157 339 397 394 225 102 58 8 6 64 3 2 61 107 386 47 112 264 322 257 218 84 272 28 232 136 184 4 151 101 86 11 311 55 152 310 29 77 31 52 40 39 78 226 147 79 69 245 81 22 21 65 82 247 249 172 26 183 17 12 158 1 333 267 281 221 67 66 60 98 88 96 94 90 72 57 91 165 92 51 49 37 318 301 120 392 351 293 93 145 111 369 179 368 364 303 71 244 80 387 203 129 217 349 73 99 389 187 373 355 115 114 353 263 213 41 313 20 367 76 97 220 197 374 278 122 119 168 142 104 384 383 361 146 144 105 391 154 106 340 110 372 356 328 317 108 255 109 275 210 265 326 258 209 363 289 123 192 189 137 54 124 284 290 85 125 74 214 401 216 200 198 140 126 10 169 27 331 323 305 215 309 375 371 251 358 327 234 228 224 240 219 207 282 370 132 243 175 291 315 133 269 285 45 161 148 325 134 306 319 135 280 279 236 227 320 131 254 223 344 188 173 354 342 266 139 402 287 357 388 238 229 393 149 347 352 150 9 242 70 166 300 170 334 304 260 253 286 273 350 211 176 138 297 308 5 314 59 345 299 298 171 63 337 186 53 400 190 156 390 181 346 338 155 378 398 396 230 382 212 42 194 324 381 95 271 395 195 330 329 294 235 121 233 380 379 167 160 25 87 231 288 360 239 117 268 16 252 191 366 321 362 162 48 141 116 174 250 180 359 130 307 75 283 277 341 182 177 335 159 7 312 35 196 0 206 30 332 296 193 276 259 222 185 248 348 164 15 262 261 336 292 343 241 113 83 302 118 237 316 256 201 89 163 365 153 143 127 399 377 128 385 199 202 208 246
403;201;0.55;0.1;Cycle;insert;2525;178.036;178 100 44 126 103 335 23 14 62 13 205 204 24 36 32 274 251 113 46 33 376 68 375 191 38 19 18 43 34 295 50 56 85 304 394 225 201 58 8 6 64 3 2 61 107 386 47 112 322 218 84 272 28 151 310 29 77 31 52 40 39 78 226 147 79 69 245 388 81 22 21 82 247 249 129 87 86 11 153 75 157 1 169 27 253 164 15 333 267 281 312 35 221 67 66 60 98 131 88 96 94 90 72 57 92 51 49 37 54 193 301 120 392 351 293 93 145 65 97 159 143 340 160 365 314 59 106 359 139 95 10 364 303 71 239 70 387 349 73 99 389 187 158 269 402 287 257 373 355 115 114 353 263 42 360 308 5 211 270 238 229 393 242 117 140 76 374 278 122 119 168 104 203 217 384 383 137 220 197 361 146 144 105 391 154 318 89 184 4 128 213 356 328 317 108 255 109 275 210 232 102 110 265 326 258 111 369 207 45 209 363 289 123 192 189 124 284 290 167 125 74 214 401 216 200 198 313 323 305 215 309 252 371 83 234 228 224 240 219 235 121 345 276 273 350 285 282 370 358 395 132 243 175 291 315 161 148 325 134 306 319 135 280 279 236 227 320 179 368 336 321 362 246 254 223 344 332 296 130 208 173 354 342 266 182 202 141 116 133 149 347 352 150 9 136 385 300 101 163 25 190 138 297 367 20 195 286 298 171 63 337 176 156 390 181 346 338 155 378 398 396 327 177 233 324 381 331 334 152 271 264 330 329 294 357 172 26 194 380 379 283 277 341 170 339 316 256 222 250 162 48 166 199 366 292 343 248 348 183 17 12 230 382 212 180 165 241 196 0 311 55 127 399 377 237 206 30 174 185 262 261 268 16 302 118 231 288 244 80 186 53 400 91 307 7 188 299 259 372 41 142 397 260 178
403;201;0.55;0.1;Cycle;insert;2510;194.606;178 100 44 23 14 62 13 205 204 24 36 32 274 317 33 376 68 211 270 19 18 130 402 287 83 43 34 50 56 102 308 394 225 58 8 6 64 3 2 61 107 386 47 112 110 335 87 251 322 257 150 9 85 253 217 84 272 28 367 143 140 101 126 10 314 310 29 77 31 52 40 39 360 230 226 147 202 79 69 245 81 22 21 38 82 247 249 167 54 172 26 153 75 160 15 206 267 281 166 67 66 60 98 88 96 94 90 72 57 92 51 49 37 193 301 120 392 351 293 93 145 95 55 364 303 71 239 70 133 220 387 349 73 246 99 389 196 0 333 30 97 373 355 115 114 353 263 318 313 7 312 35 331 20 302 118 242 117 119 168 104 203 218 384 383 197 361 146 144 105 391 154 106 340 345 299 259 209 356 108 255 109 275 210 265 326 258 111 359 213 363 289 123 192 189 170 284 290 125 74 214 401 216 200 198 159 323 305 215 309 252 371 350 162 48 358 327 234 228 224 240 219 139 285 282 357 235 121 286 273 395 132 288 175 291 315 311 27 237 161 148 325 316 256 128 142 134 306 319 135 280 279 236 227 320 103 254 223 344 182 177 374 41 136 129 188 173 354 342 266 238 229 393 149 347 352 385 300 137 127 399 377 190 138 297 151 59 42 332 296 295 171 63 337 152 76 397 5 268 16 176 156 390 181 346 338 155 378 398 396 370 328 194 324 381 157 339 131 388 158 1 179 271 241 330 329 294 46 233 380 379 208 276 298 248 348 343 283 277 341 307 368 180 369 141 116 86 11 165 163 25 169 334 174 185 336 292 183 17 12 186 53 400 184 4 232 195 262 261 221 199 222 250 78 382 212 231 243 244 80 124 269 91 65 201 89 164 365 264 113 304 260 366 321 362 372 278 122 207 45 375 191 187 178
403;201;0.55;0.1;Cycle;insert;2536;152.269;142 190 100 44 23 14 62 13 205 204 24 36 32 274 46 33 376 68 38 270 19 18 402 287 83 167 43 34 295 308 394 225 58 8 6 64 3 2 61 107 386 47 112 264 322 257 42 220 197 387 84 272 28 232 152 101 182 218 169 271 126 10 95 55 367 310 29 77 31 52 40 39 78 226 147 79 69 245 81 22 21 82 247 85 335 86 75 311 27 127 399 377 124 1 333 267 281 153 76 221 67 66 60 98 88 96 94 90 72 57 164 25 141 116 237 92 51 49 37 54 129 316 120 392 351 293 93 145 111 369 246 364 303 71 217 349 73 99 389 238 229 393 206 30 195 301 256 158 269 373 355 115 114 353 263 304 260 312 35 313 20 302 118 244 80 239 117 372 278 122 119 168 104 203 385 199 131 150 384 383 9 361 146 144 105 391 154 106 340 251 328 317 108 255 265 275 210 110 326 258 139 209 363 289 123 192 189 170 284 290 125 74 214 401 216 200 198 201 89 109 307 323 305 215 309 183 17 12 162 48 358 327 253 128 234 228 224 213 41 91 285 282 357 121 231 318 286 273 395 132 288 249 175 291 315 133 157 339 161 148 325 134 243 230 382 306 319 87 193 177 135 280 279 136 236 227 320 137 254 223 344 65 202 354 342 266 172 26 332 299 259 140 334 331 7 149 347 352 166 300 178 138 297 151 59 97 248 336 321 362 130 103 208 276 298 171 63 337 262 261 268 16 176 156 390 186 53 400 181 346 338 155 378 398 396 102 194 324 381 241 330 329 294 370 233 380 379 159 143 184 4 160 15 163 365 374 356 174 185 252 191 187 179 368 180 359 188 173 207 45 211 212 222 250 388 348 343 235 113 240 219 242 70 196 0 314 11 165 345 296 360 366 292 375 371 350 397 5 50 56 283 277 341 142
403;201;0.55;0.1;Cycle;insert;2538;165.609;100 44 23 14 62 13 205 204 24 36 388 162 48 311 10 32 274 46 33 165 376 68 38 270 19 18 133 402 287 83 182 43 34 50 56 308 394 225 58 8 6 336 368 208 64 3 2 61 107 386 47 112 322 257 95 55 385 199 387 84 272 28 152 101 129 313 323 400 153 76 314 310 29 77 31 52 40 341 78 226 147 79 69 245 81 22 21 82 247 249 137 54 85 397 260 86 75 169 27 253 131 360 237 333 267 281 195 221 67 66 60 98 88 96 94 90 72 57 65 92 51 49 37 301 256 316 120 392 351 293 93 145 164 365 364 303 71 304 5 242 70 150 349 73 99 389 180 369 196 0 206 30 124 269 373 355 115 114 353 263 172 26 211 244 80 239 117 213 278 122 119 168 104 203 102 218 384 383 335 220 197 295 361 146 144 105 391 154 128 106 340 374 356 328 317 232 108 255 265 275 210 109 326 258 111 359 209 363 289 123 192 189 170 284 290 125 74 214 401 216 200 198 126 334 285 223 305 215 309 264 358 327 234 228 224 372 41 254 282 357 103 235 121 132 243 97 184 136 87 175 291 315 127 399 337 151 11 161 148 325 134 306 319 135 280 279 236 227 320 139 4 345 173 354 342 266 238 229 393 149 347 352 166 300 140 59 141 116 188 296 286 273 370 178 138 297 176 156 390 181 346 338 155 378 398 396 395 157 1 159 271 241 330 329 294 194 380 379 230 382 381 375 191 187 130 186 53 344 202 163 25 171 63 377 174 185 246 276 259 110 366 292 343 158 339 207 45 222 250 91 217 9 42 251 113 350 231 288 233 324 212 318 183 17 12 142 160 15 240 219 307 20 177 248 348 252 371 179 321 362 262 261 201 89 283 277 39 193 302 118 312 35 331 143 332 299 298 367 7 167 268 16 190 100
403;201;0.55;0.1;Cycle;insert;2507;182.948;190 100 44 23 14 62 13 205 204 24 36 32 274 46 33 376 38 270 19 18 402 287 83 43 34 295 397 394 225 58 8 6 193 85 42 64 3 2 61 107 386 47 112 312 35 172 26 304 260 150 9 128 217 84 272 28 314 310 29 77 31 52 40 39 78 226 147 79 69 245 81 22 21 82 247 153 75 169 27 157 1 333 267 281 50 56 166 67 66 60 98 88 96 94 90 72 57 163 25 92 51 49 37 316 120 392 351 293 93 145 142 180 165 95 55 364 303 71 239 70 182 387 349 73 99 389 196 0 373 355 115 114 353 263 244 80 213 41 374 278 122 119 168 104 203 218 384 383 253 361 146 144 105 391 154 106 340 360 91 369 136 264 328 317 108 255 102 246 265 275 210 110 326 258 206 30 220 197 209 363 289 123 192 189 129 124 339 109 170 284 290 125 74 214 401 216 200 198 164 15 331 323 305 215 309 162 48 251 358 327 234 228 224 130 285 282 357 121 235 113 370 322 395 132 243 175 291 315 248 372 356 302 89 131 161 148 325 65 134 306 319 135 280 279 139 4 254 223 344 140 101 86 11 177 97 173 354 342 266 149 347 352 183 17 12 286 273 237 176 138 297 151 59 252 371 308 5 171 63 337 152 76 268 16 178 156 390 127 399 377 202 155 378 398 396 257 233 324 381 179 334 158 269 221 199 211 232 195 241 330 329 294 350 133 194 380 379 111 359 230 382 212 240 219 236 227 320 231 288 174 250 336 292 141 116 207 45 186 53 400 188 299 298 366 321 362 222 185 262 261 167 54 181 346 338 126 10 159 7 238 229 393 87 242 117 311 271 283 277 341 301 256 249 335 307 20 160 365 68 313 368 184 201 118 332 296 345 276 259 208 103 375 191 187 367 143 385 300 318 137 388 348 343 190
403;201;0.55;0.1;Cycle;insert;2501;134.603;158 339 190 100 44 23 14 62 13 205 204 24 36 201 118 177 32 274 46 33 376 68 38 270 19 18 402 287 83 43 34 295 50 56 103 394 225 208 58 8 6 142 64 3 2 61 107 386 47 112 264 322 257 304 260 397 35 218 84 272 28 165 139 133 141 116 86 101 246 110 95 55 159 20 152 310 29 77 31 52 40 39 202 78 226 147 79 69 245 81 22 21 82 247 240 219 167 54 124 1 333 267 281 217 197 253 385 67 66 60 98 88 96 94 91 90 72 57 335 102 92 51 49 37 301 120 392 351 293 93 145 164 15 155 143 364 303 71 242 70 195 220 349 73 375 371 395 268 16 99 389 367 76 206 30 184 4 373 355 115 114 353 263 307 7 262 261 239 117 372 278 122 119 168 104 384 383 361 146 144 105 391 154 106 340 209 356 328 317 108 255 109 275 210 97 136 244 80 265 326 258 128 140 334 111 369 193 163 365 169 27 130 374 363 289 157 269 123 192 189 170 284 290 125 74 214 401 216 200 198 160 25 313 323 305 215 309 162 48 237 87 318 151 59 126 271 370 358 327 234 228 224 42 248 285 282 357 235 121 132 288 175 291 315 161 148 325 172 26 134 306 319 135 280 279 236 227 137 188 173 354 342 266 232 174 185 345 299 259 221 199 149 347 352 150 9 166 300 286 273 182 178 138 297 360 332 296 171 63 337 176 156 390 129 153 75 181 346 338 331 378 398 396 194 324 381 196 0 251 330 329 294 350 233 380 379 213 41 211 212 222 250 131 312 5 127 399 377 180 359 183 17 12 186 53 400 207 45 230 382 320 231 243 336 321 362 241 113 238 229 393 85 254 223 344 283 277 341 302 89 311 10 252 191 187 308 276 298 314 11 316 256 249 65 179 368 366 292 343 388 348 387 203 158
403;201;0.75;0.1;Cycle;insert;2509;154.601;5 178 100 44 23 14 62 13 205 204 24 36 167 32 274 46 360 217 33 376 68 230 382 212 237 38 270 19 18 211 42 402 287 83 43 34 295 50 56 304 394 225 253 58 8 6 64 3 2 61 107 386 47 112 312 35 218 84 272 28 318 367 310 29 77 31 52 40 39 78 226 147 124 1 241 79 69 81 22 21 82 247 249 137 54 172 26 373 239 70 231 288 388 348 343 86 101 314 75 169 27 387 203 164 15 333 267 281 220 197 166 67 66 60 98 88 96 94 90 72 57 141 116 92 51 49 37 316 120 392 351 293 152 76 93 145 177 160 365 181 346 338 180 165 335 129 364 303 71 150 349 73 99 389 187 131 355 115 114 353 263 244 80 372 41 268 16 246 276 259 206 30 184 311 55 130 209 278 122 119 168 104 384 383 9 242 117 361 146 144 105 391 154 106 340 153 11 213 356 328 317 108 255 195 265 275 210 110 326 258 151 59 369 159 143 140 334 374 363 289 123 192 189 133 170 284 290 125 74 214 401 216 200 198 126 10 136 174 250 142 307 323 305 215 309 264 358 327 234 228 224 240 219 232 273 350 103 285 282 65 102 235 121 127 371 370 322 395 109 132 243 128 175 291 315 207 45 161 148 325 134 306 319 385 199 135 280 279 91 85 251 113 202 87 236 227 320 254 223 344 332 296 188 173 354 342 266 238 229 393 149 347 352 221 300 301 256 190 138 297 286 345 299 298 171 63 337 176 156 390 375 399 377 155 378 398 396 233 324 381 157 339 158 269 208 95 271 357 330 329 294 257 366 321 362 196 0 283 277 341 331 7 179 368 245 111 359 163 25 97 248 162 48 336 292 193 183 17 12 194 380 379 201 89 222 185 252 191 262 261 182 302 118 139 4 308 260 313 20 186 53 400 397 5
403;201;0.75;0.1;Cycle;insert;2521;143.912;178 100 44 23 14 62 13 205 204 246 24 36 32 274 46 129 33 376 38 270 19 18 241 211 402 287 83 43 34 312 394 225 58 8 6 64 3 2 61 107 386 47 112 322 257 308 260 304 5 397 35 268 16 95 136 150 84 272 28 182 311 55 140 310 29 176 31 52 40 39 78 226 147 79 69 245 373 81 22 21 82 247 249 167 54 86 101 314 59 133 1 102 253 333 267 281 387 9 221 67 66 60 98 88 96 94 90 72 57 110 177 92 51 49 37 193 316 120 392 351 293 388 97 93 145 340 206 30 68 179 303 71 217 349 73 99 389 111 369 196 0 158 269 131 355 115 114 353 263 244 80 213 41 335 42 151 11 209 278 122 119 168 104 384 383 220 197 361 146 144 105 391 154 106 165 372 356 251 328 317 184 108 255 230 382 212 109 275 210 239 70 265 326 258 207 45 374 363 289 123 192 189 124 284 290 91 125 74 214 401 216 200 198 201 89 152 75 159 323 305 215 309 252 371 370 358 327 234 228 224 202 313 271 350 285 282 357 121 132 243 175 291 315 161 148 325 134 306 319 385 199 295 135 280 279 236 227 320 367 76 336 321 362 254 223 344 103 173 354 342 266 141 25 157 339 149 347 352 166 300 180 359 286 273 142 190 138 297 332 296 171 63 337 237 77 156 390 130 153 7 127 399 377 155 378 398 396 65 240 219 194 324 381 264 330 329 294 395 232 360 233 380 379 366 292 343 160 116 172 26 235 113 183 17 12 162 48 169 27 126 10 170 334 174 185 186 53 400 188 276 298 164 15 375 191 187 50 56 139 4 181 346 338 222 250 231 288 238 229 393 242 117 248 348 137 163 365 301 256 302 118 262 261 307 143 331 20 345 299 259 364 368 128 283 277 341 208 218 203 318 85 195 87 178
403;201;0.75;0.1;Cycle;insert;2521;126.7;190 100 44 23 14 62 13 205 204 24 36 32 274 46 33 376 38 270 19 18 133 402 287 83 43 34 295 50 56 172 26 308 394 225 58 8 6 64 3 2 61 107 386 47 112 322 257 217 84 272 28 195 151 11 160 15 152 310 29 77 31 52 40 39 78 226 147 79 69 245 81 22 21 82 247 249 86 101 153 75 87 140 334 367 76 124 1 65 177 206 267 281 166 67 66 60 98 88 96 94 90 72 57 163 25 92 51 49 37 316 120 392 351 293 93 145 369 307 143 141 116 318 164 365 302 89 95 10 42 364 303 71 193 244 80 248 242 70 387 349 73 99 389 187 196 0 184 373 30 333 355 115 114 353 263 311 304 5 313 20 220 197 238 229 393 167 54 209 278 122 119 168 104 384 383 203 361 146 144 105 391 154 182 85 106 340 366 368 68 213 356 328 317 208 108 255 109 265 275 210 110 326 258 207 45 374 363 289 123 192 189 170 284 290 102 125 74 214 401 216 200 198 126 55 331 323 305 215 309 162 48 253 264 358 327 234 228 224 301 256 136 240 219 360 285 282 357 241 113 370 132 243 175 291 315 169 27 161 148 325 218 134 306 319 135 280 279 230 382 212 236 227 320 130 131 321 362 254 223 344 314 59 211 332 173 354 342 266 97 246 276 259 239 117 149 347 352 150 9 178 138 297 312 35 345 299 298 171 63 337 176 156 390 181 346 338 268 16 201 118 155 378 398 396 335 251 324 381 157 339 232 103 158 269 202 194 330 329 294 350 233 380 379 159 7 111 165 137 188 296 252 191 129 139 4 222 250 174 185 286 273 395 128 180 359 183 17 12 186 53 400 91 127 399 377 375 371 385 300 221 199 262 261 179 271 231 288 235 121 237 336 292 372 41 283 277 341 142 388 348 343 397 260 190
403;201;0.75;0.1;Cycle;insert;2499;192.468;268 16 178 100 44 102 130 23 14 62 13 205 204 24 36 32 274 46 33 376 68 38 270 19 18 402 287 83 318 43 34 295 304 260 253 308 5 360 312 394 225 58 8 6 64 3 2 61 107 386 47 112 367 271 257 397 35 150 9 387 84 272 28 169 55 369 314 310 29 171 63 297 77 31 52 40 39 78 226 147 332 296 79 69 245 81 22 21 82 247 167 54 86 101 160 15 184 4 333 267 281 385 67 66 60 98 88 96 94 90 72 57 141 116 92 51 49 37 129 120 392 351 293 103 93 145 180 165 364 303 71 202 239 70 218 349 73 217 99 389 187 313 143 373 355 115 114 353 263 201 89 307 20 302 118 119 168 104 384 383 203 222 276 259 220 197 361 146 144 105 391 154 106 359 111 340 126 27 209 356 251 328 317 108 255 109 275 210 265 326 258 207 45 374 363 289 123 192 189 170 284 125 74 214 401 216 200 122 331 323 305 215 309 162 48 264 358 327 182 234 228 224 285 282 357 322 395 132 243 175 291 315 133 208 158 1 128 140 59 161 148 325 134 306 319 135 280 279 174 185 236 227 320 87 56 366 321 362 95 334 254 223 344 335 252 371 350 345 173 354 342 266 221 199 238 229 393 286 273 370 139 149 347 352 166 300 85 193 190 138 337 151 11 176 156 390 153 75 232 388 142 155 378 398 396 194 324 381 157 269 195 330 329 294 233 380 379 159 7 164 25 240 219 235 121 177 250 91 375 191 211 183 17 12 163 365 172 26 179 368 186 53 400 110 206 30 152 76 127 399 377 42 181 346 338 50 131 231 288 230 382 212 241 113 136 244 80 65 311 10 242 117 262 261 97 248 348 343 283 277 341 188 299 298 301 249 137 124 339 213 41 316 256 246 237 336 292 290 196 0 372 278 198 268
403;201;0.75;0.1;Cycle;insert;2513;157.038;178 100 44 23 14 62 13 205 204 24 36 32 274 46 33 376 38 270 19 18 102 402 287 83 43 34 295 193 87 56 241 397 394 225 58 8 6 64 3 2 61 107 386 47 112 322 257 308 5 237 312 35 387 84 272 28 109 127 371 86 11 152 75 232 95 55 153 310 29 77 31 52 40 39 78 226 147 79 69 245 81 22 21 211 82 247 172 26 231 288 333 267 281 166 67 66 60 98 88 96 94 90 72 57 141 116 92 51 49 37 301 120 392 351 293 93 145 158 339 97 179 303 71 218 349 73 99 389 42 169 27 369 207 0 196 45 373 355 115 114 353 263 244 80 311 10 155 20 159 7 157 269 163 365 262 261 304 260 252 399 122 119 168 104 384 383 203 361 146 144 105 391 154 65 182 129 106 340 184 4 103 307 143 367 76 209 356 328 317 108 255 265 275 210 202 110 326 258 177 111 165 140 374 363 289 123 192 189 124 1 335 284 290 125 74 214 401 216 200 198 331 323 305 215 309 130 162 48 251 358 327 195 234 228 224 240 219 139 285 282 357 253 264 113 395 131 132 243 175 291 315 133 151 101 314 59 161 148 325 134 306 319 135 280 279 236 227 320 164 25 254 223 344 174 250 188 173 354 342 266 220 197 385 199 50 137 238 229 393 149 347 352 221 300 180 359 190 138 297 208 299 298 171 63 337 388 268 16 176 156 390 313 378 398 396 233 324 381 85 170 334 91 126 271 370 330 329 294 194 380 379 160 15 360 248 348 343 206 30 364 368 68 167 54 201 89 183 17 12 246 186 53 400 128 136 142 230 382 212 213 278 377 217 9 222 185 239 70 242 117 235 121 302 118 283 277 341 150 286 296 316 256 249 318 345 276 259 332 273 350 336 292 181 346 338 372 41 366 321 362 375 191 187 178
403;201;0.75;0.1;Cycle;insert;2509;159.602;190 100 44 167 23 14 62 13 205 204 24 36 253 32 274 46 136 33 376 68 38 270 19 18 133 402 287 83 43 34 295 50 56 103 397 394 225 58 8 6 64 3 2 61 107 386 47 112 264 322 257 102 308 5 304 260 312 35 387 84 272 28 95 55 367 310 29 77 31 52 40 39 78 226 147 79 69 81 22 21 65 82 247 248 153 75 311 27 164 15 124 1 333 267 281 385 67 66 60 98 88 96 94 90 72 57 92 51 49 37 54 316 120 392 351 293 93 145 159 143 163 365 307 7 180 165 364 303 71 239 70 150 349 73 99 389 246 111 359 202 182 91 196 0 213 41 373 355 115 114 353 263 302 118 86 11 244 117 314 321 362 372 278 122 119 168 360 104 384 383 9 361 146 144 140 59 375 371 193 105 391 154 106 340 152 76 128 209 356 251 328 317 108 255 109 275 210 177 232 265 326 258 374 363 289 123 192 189 170 284 290 208 125 74 214 401 216 200 198 331 323 305 215 309 127 48 358 327 130 234 228 224 301 256 110 285 282 357 235 121 132 243 388 348 343 231 288 249 175 291 315 161 148 325 134 306 319 135 280 279 236 227 320 207 45 137 254 223 344 87 238 229 393 345 173 354 342 266 141 116 157 339 166 199 149 347 352 217 203 129 286 273 370 178 138 297 151 101 222 250 171 63 337 268 16 176 156 390 181 346 338 218 336 368 245 42 162 399 377 155 378 398 396 395 233 324 381 169 334 97 220 197 262 261 158 269 184 195 330 329 294 186 53 400 194 380 379 85 276 298 142 160 25 369 241 113 283 277 341 179 271 350 313 20 174 185 183 17 12 188 299 259 201 89 206 30 139 4 221 300 230 382 212 131 318 211 240 219 242 80 332 296 252 191 187 335 126 10 366 292 237 172 26 190
403;201;0.75;0.1;Cycle;insert;2534;101.596;178 100 44 23 14 62 13 205 204 85 24 36 32 274 46 33 376 68 38 270 19 18 137 402 287 83 43 34 295 50 56 202 397 394 225 58 8 6 64 3 2 61 107 386 47 112 322 257 218 84 272 28 95 55 86 310 29 77 31 52 40 39 78 226 147 79 69 245 81 22 21 82 247 167 54 158 1 333 267 281 91 182 174 250 166 67 66 60 98 88 96 94 65 90 72 57 163 116 92 51 49 37 208 316 256 230 382 381 301 120 392 351 293 93 145 364 303 71 387 349 73 99 389 180 359 177 207 0 157 269 206 30 131 355 115 114 353 263 302 89 318 268 16 335 159 7 372 278 122 119 168 104 384 383 220 197 361 146 144 193 105 391 154 106 340 181 346 338 232 139 4 332 296 213 356 108 255 109 275 210 102 110 265 326 258 313 143 369 209 363 289 123 192 189 374 41 124 284 290 125 74 214 401 216 200 198 126 10 367 323 305 215 309 162 48 358 327 234 228 224 240 219 111 165 196 282 357 328 132 243 373 175 291 315 169 27 161 148 325 134 306 319 42 103 87 135 280 279 360 236 227 320 366 321 362 160 365 136 153 75 195 254 223 344 238 173 354 342 266 253 385 199 229 393 248 149 347 352 221 300 179 246 150 9 211 190 138 297 201 118 151 11 304 260 308 5 171 63 337 237 176 156 390 241 155 378 398 396 350 130 264 330 329 294 194 380 379 336 292 164 25 283 277 341 183 17 12 252 371 395 311 271 170 334 222 185 244 117 184 186 53 400 188 276 259 286 273 370 141 15 239 80 217 203 251 113 317 231 288 249 233 324 212 235 121 242 70 97 262 261 129 285 45 307 20 127 399 377 128 314 76 331 368 140 101 152 59 133 339 345 299 298 375 191 187 388 348 343 312 35 172 26 142 178
403;201;0.75;0.1;Cycle;insert;2524;168.454;190 100 44 232 23 14 62 13 205 204 24 36 32 274 46 131 33 376 68 318 38 270 19 18 133 287 83 43 34 295 308 394 393 222 185 58 8 6 64 3 2 61 107 386 47 112 251 322 397 5 312 35 220 84 272 28 151 101 153 310 29 77 31 52 40 39 65 78 226 147 103 79 69 245 81 22 21 82 247 169 27 127 399 377 160 15 206 267 281 217 197 221 67 66 60 98 88 96 94 90 72 57 141 116 92 51 49 37 301 120 392 351 293 87 56 93 145 314 59 95 55 195 364 303 71 360 239 70 150 349 73 99 389 373 355 115 114 353 263 248 242 80 244 117 209 278 122 119 168 104 203 235 121 387 384 383 361 146 144 105 391 154 106 369 372 356 328 317 108 255 109 275 210 130 265 326 258 285 45 374 363 289 123 192 189 124 284 290 125 74 214 401 216 200 198 126 10 302 89 313 323 305 215 309 162 48 264 358 327 246 234 228 224 177 240 219 207 282 357 241 113 395 132 288 388 348 175 291 315 111 340 140 335 161 148 325 134 306 319 135 280 279 236 227 320 139 4 196 0 254 223 344 286 173 354 342 266 136 164 365 149 347 352 385 300 188 299 298 171 63 337 184 179 368 268 16 176 156 390 102 86 11 50 181 346 338 155 378 398 396 257 42 91 194 324 381 157 339 367 75 211 159 20 208 311 271 370 330 329 294 129 128 233 380 379 238 229 225 336 321 362 345 296 163 25 375 371 350 85 366 292 343 170 334 158 1 174 250 166 199 97 276 259 178 138 297 180 165 213 41 218 9 193 110 332 273 231 243 237 167 54 142 230 382 212 202 262 261 201 118 359 283 277 341 304 260 307 143 152 76 252 191 187 172 26 316 256 249 331 7 333 30 183 17 12 186 53 400 137 253 182 402 269 190
403;201;0.75;0.1;Cycle;insert;2516;181.837;178 100 44 23 14 62 13 205 204 24 36 32 274 46 195 33 376 68 142 38 270 19 18 220 197 402 287 83 43 34 295 50 56 137 304 394 225 58 8 6 64 3 2 61 107 386 47 112 264 322 257 218 9 150 84 272 28 85 128 217 106 359 360 136 314 310 29 77 31 52 40 39 78 226 147 79 69 245 81 22 21 82 247 167 54 172 26 109 86 75 169 27 65 206 267 281 182 312 5 385 67 66 60 98 88 96 94 90 72 57 92 51 49 37 301 256 316 120 392 351 293 93 145 186 53 400 127 371 345 276 259 240 219 180 165 111 369 364 303 71 102 387 349 73 97 87 131 99 389 187 333 30 253 95 55 373 355 115 114 353 263 239 80 129 124 339 213 41 244 117 209 278 122 119 168 208 104 384 383 203 361 146 144 105 391 154 91 340 372 356 318 251 328 317 236 227 212 177 164 25 108 255 265 275 210 110 326 258 184 207 45 374 363 289 123 192 189 170 284 290 125 74 214 401 216 200 198 367 323 305 215 309 162 48 358 327 234 228 224 286 273 350 307 143 139 4 285 282 357 121 132 243 175 291 315 161 148 325 134 306 319 135 280 279 230 382 320 254 223 344 222 250 193 173 354 342 266 141 116 166 199 238 229 393 211 149 347 352 221 300 237 190 138 297 335 151 11 183 17 12 188 299 298 171 63 337 268 16 176 156 390 153 76 181 346 338 155 378 398 396 194 324 381 157 1 133 388 158 269 126 271 395 241 330 329 294 233 380 379 103 246 159 368 331 7 248 348 130 235 113 370 375 191 242 70 332 296 302 118 196 0 202 201 89 152 59 140 101 231 288 249 283 277 341 252 399 377 160 15 366 321 362 308 260 311 10 42 163 365 174 185 313 20 179 334 232 262 261 336 292 343 397 35 178
403;201;0.75;0.1;Cycle;insert;2520;183.433;232 178 100 44 23 14 62 13 205 204 24 36 32 274 46 33 376 68 38 270 19 18 402 287 83 43 34 295 50 56 397 394 225 318 58 8 6 64 3 2 61 107 386 47 112 264 322 257 304 35 388 348 343 218 84 272 28 311 10 169 55 314 59 86 310 29 77 31 52 40 39 78 226 147 79 69 245 81 22 21 82 247 167 137 54 172 26 248 333 267 281 207 45 221 67 66 60 98 88 96 94 90 72 57 92 51 49 37 316 120 392 351 293 93 145 106 165 364 303 71 387 349 73 99 389 193 141 116 153 76 160 25 373 355 115 114 360 353 263 239 117 159 20 312 260 209 278 122 119 168 104 203 103 150 384 383 197 238 146 144 105 391 154 111 340 206 30 42 213 356 108 249 109 275 210 208 110 265 326 258 140 101 374 363 289 123 192 189 157 269 124 284 290 125 74 214 401 216 200 198 126 27 152 323 305 215 309 234 228 224 128 285 282 357 328 370 358 395 132 288 175 291 315 91 161 148 325 134 306 319 135 280 279 236 227 320 139 196 0 254 223 344 151 11 332 296 345 173 354 342 266 302 89 244 242 70 385 199 149 347 352 130 286 273 195 190 138 297 307 143 188 299 298 171 63 337 176 156 390 331 378 398 396 194 324 381 170 334 155 359 246 80 97 136 231 243 158 1 251 330 329 294 241 380 379 211 85 276 259 131 252 371 327 162 48 375 399 377 163 365 164 15 166 300 174 185 102 335 179 368 180 369 253 220 182 142 181 346 338 87 201 118 184 4 217 9 372 41 222 250 129 255 183 17 12 233 113 317 235 121 230 382 212 240 219 268 16 262 261 301 256 308 5 65 313 7 127 191 187 237 336 292 361 229 393 366 321 362 367 75 283 277 341 95 271 350 186 53 400 177 133 339 202 232
403;201;0.9;0.1;Cycle;insert;2508;186.723;193 109 190 100 44 23 14 62 13 205 204 97 202 24 36 32 274 46 33 376 68 150 9 38 270 19 18 402 287 83 43 34 295 50 56 308 394 225 58 8 6 64 3 2 61 107 386 47 112 322 257 218 84 272 28 360 367 101 128 95 55 318 184 86 310 29 77 31 52 40 39 78 226 147 79 69 81 22 21 82 247 137 54 312 26 172 35 182 333 267 217 203 166 67 66 60 98 88 96 94 90 72 57 388 348 92 51 49 37 240 219 231 288 249 301 120 392 351 293 93 145 340 180 359 111 369 364 303 71 130 387 349 73 99 389 139 4 373 355 115 114 353 263 246 80 201 89 177 65 164 365 307 20 314 76 129 241 311 10 167 237 372 278 122 119 168 104 384 383 220 197 361 146 144 105 391 154 106 165 158 339 169 27 213 356 328 317 253 108 255 265 275 210 110 326 258 103 196 0 207 45 209 363 289 142 123 192 189 124 269 91 262 261 170 284 290 125 74 214 401 216 200 198 159 323 305 215 309 162 48 264 358 327 234 228 224 131 206 30 245 285 282 357 121 132 243 175 291 315 161 148 325 134 306 319 135 280 279 236 227 320 254 223 344 188 173 354 342 266 141 116 335 244 345 299 259 238 229 393 149 347 352 385 300 178 138 297 151 59 102 171 63 337 208 152 75 268 16 232 211 176 156 390 181 346 338 140 11 127 399 377 155 378 398 396 395 233 324 381 179 334 194 380 379 248 251 330 329 294 281 332 296 85 276 298 87 374 41 336 292 343 366 321 362 195 375 191 187 183 17 12 221 199 163 25 174 185 186 53 400 42 302 118 160 15 222 250 230 382 212 235 113 239 117 242 70 252 371 283 277 341 153 368 286 273 350 157 1 304 5 313 7 136 133 316 256 331 143 126 271 370 397 260 193
403;201;0.9;0.1;Cycle;insert;2505;173.003;129 142 178 100 44 23 14 62 13 205 204 211 388 24 36 32 274 46 33 376 68 38 270 19 18 402 287 83 43 34 295 304 394 225 58 8 6 64 3 2 61 107 386 47 112 150 84 272 28 126 55 193 140 367 310 29 77 31 52 40 39 78 226 147 79 69 245 81 22 21 82 247 137 54 50 153 75 169 27 160 15 158 1 333 267 281 312 35 221 67 66 60 98 128 88 96 94 90 72 57 92 51 49 37 237 301 120 392 351 293 93 145 314 101 86 11 180 165 364 303 71 139 4 385 199 387 349 73 99 389 133 269 131 355 115 114 353 263 313 7 102 372 41 181 346 338 170 334 127 399 122 119 168 104 203 232 217 384 383 136 220 197 238 146 144 201 89 105 391 154 106 340 213 356 328 317 108 255 265 275 210 110 326 258 360 111 369 209 363 289 123 192 189 124 284 290 125 74 214 401 216 200 198 331 323 305 215 309 264 358 327 234 228 224 285 282 357 42 235 121 132 243 175 291 315 161 148 325 134 306 319 135 280 279 236 227 320 316 256 182 95 271 257 336 321 362 254 223 344 244 80 332 173 354 342 266 141 116 397 5 335 149 347 352 166 300 190 138 297 97 151 59 218 9 177 276 298 103 171 63 337 152 76 374 278 377 176 156 390 155 378 398 396 370 322 233 324 381 157 339 188 296 195 109 268 16 208 251 330 329 294 194 380 379 202 159 20 318 345 299 259 262 261 241 113 350 248 348 183 17 12 252 371 395 162 48 163 25 253 184 283 277 341 172 26 174 185 179 368 186 53 400 302 118 164 365 230 382 212 246 196 0 130 375 191 187 206 30 207 45 222 250 85 286 273 231 288 249 373 239 70 240 219 242 117 167 307 143 91 359 308 260 311 10 65 366 292 343 87 56 361 229 393 129
403;201;0.9;0.1;Cycle;insert;2531;173.725;245 178 100 44 23 14 62 13 205 204 24 36 32 274 46 33 376 68 38 270 19 18 402 287 43 34 295 50 56 246 312 394 225 58 8 6 85 136 64 3 2 61 107 386 47 112 322 257 102 308 260 150 84 272 28 153 310 29 77 31 52 40 39 78 226 147 79 69 182 81 22 21 82 247 249 397 26 86 59 367 75 141 15 333 267 281 385 67 66 60 98 88 96 94 237 103 90 72 57 307 143 92 51 49 37 301 120 392 351 293 93 145 165 95 55 179 303 71 366 321 362 42 242 70 387 349 73 99 389 167 180 359 196 0 131 355 115 114 353 263 172 35 244 80 313 7 157 269 209 41 160 116 345 173 155 20 372 278 122 119 168 104 203 218 384 383 217 9 146 144 109 105 391 154 106 369 65 213 356 388 193 251 328 317 108 255 265 275 210 130 110 326 258 374 363 289 123 192 189 335 284 290 125 74 214 401 216 200 198 253 331 323 305 215 309 162 48 264 358 327 234 228 224 316 256 375 371 350 139 4 111 340 285 282 357 121 132 288 175 291 315 91 87 126 10 232 161 148 325 134 306 319 135 280 279 236 227 320 254 223 344 360 354 342 266 262 261 195 142 128 166 199 238 229 393 149 347 352 221 300 286 273 190 138 297 151 11 140 334 152 76 188 299 298 171 63 337 202 268 16 241 176 156 390 181 346 338 159 378 398 396 83 184 318 194 324 381 133 158 339 314 101 311 174 250 170 271 370 330 248 348 329 294 233 380 379 361 276 259 220 197 230 382 212 235 113 395 124 1 208 201 118 239 117 169 27 127 399 377 302 89 164 365 163 25 137 54 177 211 97 207 45 231 243 373 283 277 341 222 185 206 30 332 296 186 53 400 129 252 191 187 240 219 183 17 12 304 5 336 292 343 364 368 245
403;201;0.9;0.1;Cycle;insert;2527;167.173;190 100 44 23 14 62 13 205 204 24 36 32 274 33 376 68 211 38 270 19 18 42 287 83 162 399 377 43 34 295 97 308 394 225 208 58 8 6 64 3 2 61 107 386 47 112 251 322 257 397 35 217 84 264 113 272 28 367 101 126 10 311 55 86 310 29 77 31 52 40 39 153 271 46 78 226 147 79 69 245 81 22 21 169 27 82 247 249 388 152 75 402 333 267 281 385 67 66 60 98 88 96 94 90 72 57 91 184 141 116 92 51 49 37 316 120 392 351 293 221 199 93 145 364 303 71 312 5 239 70 218 349 73 99 389 187 151 11 137 54 373 355 115 114 353 263 139 4 314 76 262 261 220 197 213 278 122 119 168 104 203 150 384 383 146 144 105 391 154 246 106 340 201 118 158 1 372 356 328 317 108 255 230 382 212 109 275 210 265 326 258 85 129 111 369 195 285 45 374 363 289 123 192 189 95 253 124 284 290 125 74 214 401 216 200 198 307 323 305 215 309 127 48 358 327 142 128 136 234 228 224 196 282 357 235 121 132 243 175 291 315 161 148 325 134 306 319 167 135 280 279 131 236 227 320 254 223 344 140 59 359 313 143 182 345 173 354 342 266 301 256 65 286 273 395 149 347 352 110 166 300 232 103 240 219 178 138 297 237 202 87 56 171 63 337 332 296 102 268 16 176 156 390 252 191 155 20 50 331 378 398 396 350 233 324 381 157 269 241 330 329 294 370 194 380 379 159 7 335 248 348 343 160 15 361 299 298 336 292 222 250 375 371 133 339 164 365 193 170 334 172 26 177 174 185 244 80 180 165 181 346 338 183 17 12 186 53 400 130 283 277 341 188 276 259 207 0 209 41 302 89 163 25 238 229 393 231 288 242 117 304 260 206 30 360 318 179 368 366 321 362 387 9 190
403;201;0.9;0.1;Cycle;insert;2512;165.767;178 100 44 23 14 62 13 205 204 24 36 32 274 46 33 376 68 135 270 19 18 91 402 287 130 43 34 295 50 56 308 394 225 58 8 6 64 3 2 61 107 386 47 112 322 257 38 312 35 136 397 260 304 5 164 365 208 218 84 335 202 235 113 272 41 372 28 152 76 318 126 55 77 31 52 40 39 78 226 147 79 69 245 81 22 21 82 247 172 26 311 10 102 97 158 1 333 267 281 221 67 66 60 98 88 96 94 217 145 177 90 72 57 42 360 92 51 49 37 316 120 392 351 293 230 382 212 246 93 180 165 170 271 86 101 364 303 71 239 70 150 349 73 99 389 187 373 355 115 114 353 263 186 53 400 313 20 139 242 117 119 168 104 203 387 384 383 9 361 146 144 105 391 154 106 340 169 27 209 356 264 328 317 142 108 255 265 275 210 237 110 326 258 111 369 65 375 399 122 196 45 374 363 289 95 334 123 192 189 124 284 290 125 74 214 401 216 200 198 307 323 305 215 309 162 48 358 327 234 228 224 240 219 127 371 350 252 191 285 282 357 121 286 273 395 132 288 87 193 103 276 298 291 315 133 269 131 161 148 325 129 134 306 319 251 280 279 236 227 320 254 223 344 367 310 354 342 266 253 109 345 299 259 385 199 238 229 393 149 347 352 176 138 297 151 11 171 63 337 153 75 268 16 190 156 390 137 182 181 346 338 331 378 398 396 83 175 155 143 85 194 324 381 241 330 329 294 370 128 233 380 379 248 348 343 160 15 336 292 163 25 359 211 314 59 366 321 362 183 17 12 301 256 249 141 116 184 4 167 54 179 368 188 173 29 262 261 302 89 159 7 206 30 207 0 231 243 213 278 377 220 197 244 80 222 250 174 185 166 300 201 118 283 277 341 388 232 332 296 157 339 195 140 178
403;201;0.9;0.1;Cycle;insert;2520;100.796;91 175 127 399 377 335 178 100 44 23 14 62 13 205 204 137 36 32 274 46 33 376 68 38 270 19 18 402 287 83 206 30 43 34 295 304 394 393 58 8 6 64 3 2 61 107 386 47 112 322 257 387 84 272 28 126 10 130 373 95 55 86 101 153 310 29 77 31 52 40 39 78 226 147 79 69 245 97 81 22 21 193 82 247 367 75 163 15 169 27 333 267 281 87 56 385 67 66 60 98 88 96 94 90 72 57 160 25 85 50 195 92 51 49 37 54 301 120 392 351 293 308 260 93 145 164 365 314 59 165 239 70 136 318 150 349 73 99 389 187 133 269 131 355 115 114 353 263 65 307 7 331 20 172 26 177 174 250 232 374 278 122 119 168 104 203 217 384 383 9 361 146 144 105 391 154 106 340 159 143 182 209 356 264 328 317 221 300 108 255 109 275 210 265 326 258 213 41 372 363 289 123 192 189 124 284 290 24 125 74 214 401 216 200 198 313 323 305 215 309 162 48 358 327 234 228 224 129 316 256 249 231 288 285 282 357 121 179 271 395 132 243 208 276 298 291 315 151 11 161 148 325 134 306 319 135 280 279 202 236 227 320 254 223 344 211 237 103 140 158 339 248 196 0 110 186 53 354 342 266 42 241 311 141 116 286 273 370 166 199 238 229 225 283 277 341 149 347 352 240 219 176 138 297 345 296 171 63 337 268 16 190 156 390 181 346 338 155 378 398 396 350 233 324 381 157 1 170 334 111 369 244 80 253 194 380 379 102 142 251 330 329 294 188 299 259 366 321 362 246 207 45 235 113 302 89 167 152 76 180 359 184 4 230 382 212 201 118 262 261 218 220 197 222 185 128 360 242 117 252 371 312 35 332 173 400 336 292 139 368 364 303 71 183 17 12 375 191 388 348 343 397 5 91
403;201;0.9;0.1;Cycle;insert;2518;138.205;178 100 44 23 14 62 13 205 204 24 36 333 30 32 274 46 33 376 68 38 270 19 18 42 402 287 83 43 34 295 312 26 85 193 308 394 225 58 8 6 64 3 2 61 107 386 47 112 322 257 172 35 218 84 272 28 367 75 314 11 86 101 153 310 29 128 77 31 52 40 39 50 78 226 147 79 69 245 81 22 21 253 82 247 167 54 373 397 5 213 41 152 76 65 388 158 1 206 267 281 87 56 166 67 66 60 98 88 96 94 90 72 57 231 288 139 163 25 92 51 49 37 316 120 392 351 293 93 203 331 20 211 164 365 366 321 362 169 27 126 55 182 103 364 303 71 244 70 217 349 73 99 389 131 355 115 114 353 263 313 7 302 89 151 59 209 278 122 119 168 335 177 104 384 383 220 197 361 146 144 105 391 154 106 340 372 356 251 328 317 97 129 255 230 382 212 109 275 210 265 326 258 111 369 307 143 130 137 246 140 374 363 289 123 192 189 124 284 290 125 74 214 401 216 200 198 159 323 305 215 127 48 102 234 228 224 240 219 285 282 357 235 121 132 243 196 0 175 291 315 237 141 15 161 148 325 134 306 319 135 280 279 236 227 320 254 223 344 360 354 342 266 149 347 352 150 9 286 273 350 190 138 297 332 296 208 276 298 171 63 337 268 16 176 156 390 181 346 338 155 378 398 396 233 324 381 157 339 311 271 327 170 334 222 185 91 264 330 329 294 370 358 194 380 379 262 261 301 256 249 345 299 259 241 113 395 188 173 400 252 191 187 183 17 12 162 399 377 174 250 242 80 95 10 110 375 371 142 195 180 359 184 4 186 53 309 201 118 207 45 133 269 385 300 179 368 136 221 199 248 348 343 202 232 336 292 318 238 229 393 239 117 304 260 160 116 283 277 341 108 387 145 165 178
403;201;0.9;0.1;Cycle;insert;2496;165.289;178 100 44 23 14 62 13 205 204 24 36 32 274 46 33 376 68 202 135 270 19 18 402 287 83 182 43 34 295 50 56 397 394 225 58 8 6 137 64 3 2 61 107 386 47 112 304 5 239 70 387 84 272 28 367 310 29 77 31 52 40 39 78 226 147 302 89 79 69 245 81 22 21 82 247 167 54 97 172 26 86 11 153 75 211 311 10 237 333 267 385 67 66 60 98 88 96 94 90 72 57 163 15 92 51 49 37 142 136 128 120 392 351 293 93 145 91 313 143 364 303 71 248 217 349 73 253 99 389 187 42 206 30 373 355 115 114 353 263 312 35 201 118 238 229 393 242 117 208 372 278 122 119 168 104 384 383 220 197 361 146 144 105 391 154 106 340 193 209 356 264 328 317 108 255 265 275 210 110 326 258 111 369 152 76 196 45 374 363 289 123 192 189 124 284 290 125 74 214 401 216 200 198 318 331 323 305 215 309 127 48 358 327 234 228 224 285 282 357 322 395 132 243 175 291 315 133 269 161 148 325 130 129 134 288 231 306 319 195 280 279 236 227 320 360 140 59 188 173 354 342 266 141 116 149 347 352 366 321 362 150 9 166 300 286 273 190 138 297 171 63 337 159 7 268 16 176 156 390 179 368 314 155 378 398 396 370 233 324 381 131 157 339 170 334 158 1 213 41 126 271 281 241 330 329 294 257 102 194 380 379 232 103 276 298 184 160 365 332 296 85 388 348 343 207 0 109 246 162 399 377 186 53 400 164 25 359 169 27 95 55 335 174 250 177 222 185 180 165 181 346 338 218 203 87 221 199 65 235 121 240 219 244 80 251 113 350 252 371 38 230 382 212 183 17 12 254 223 344 262 261 151 101 336 292 283 277 341 301 249 307 20 308 260 345 299 259 316 256 139 4 375 191 178
403;201;0.9;0.1;Cycle;insert;2520;129.084;5 190 100 44 23 14 62 13 205 204 24 36 32 274 46 33 376 68 38 19 18 402 287 83 43 34 304 394 225 128 58 8 6 64 3 2 61 107 386 47 112 322 257 172 26 387 84 272 28 159 20 313 143 152 76 211 270 77 31 52 40 39 78 226 147 360 69 307 7 81 22 21 82 247 86 101 206 267 281 385 67 66 60 98 88 96 94 90 72 57 237 202 91 240 219 92 51 49 37 54 301 120 392 351 293 93 145 111 165 388 164 365 213 356 364 303 71 50 239 70 220 349 73 99 389 187 180 369 246 97 333 30 373 355 115 114 353 263 126 27 359 372 41 244 80 242 117 209 278 122 119 168 140 104 203 136 42 218 384 383 361 146 144 105 391 154 106 340 87 56 184 4 108 255 253 182 230 382 212 109 275 210 110 265 326 258 311 10 374 363 289 131 102 175 123 192 189 142 124 284 290 125 74 214 401 216 200 198 314 11 151 310 305 215 309 170 334 245 162 48 264 358 327 234 228 224 177 65 312 35 252 371 350 285 282 357 235 121 160 25 95 271 370 328 395 139 132 243 167 335 232 231 288 249 217 197 298 291 315 85 133 1 367 59 161 148 325 134 306 319 135 280 279 236 227 320 195 103 173 354 342 266 141 116 166 199 295 238 229 393 149 347 352 150 9 221 300 178 138 297 248 348 343 188 296 318 171 63 337 193 366 321 362 176 156 390 130 137 79 316 256 375 191 283 277 341 183 17 12 155 378 398 396 233 324 381 345 276 286 273 169 55 157 269 241 330 329 294 251 113 317 222 185 163 15 179 368 186 53 344 194 380 379 129 201 89 207 45 174 250 254 223 400 302 118 332 299 259 208 268 16 262 261 153 75 158 339 308 260 336 292 331 323 29 127 399 377 181 346 338 196 0 397 5
403;201;0.9;0.1;Cycle;insert;2506;189.452;178 100 44 23 14 62 13 205 204 246 24 32 274 46 33 376 388 38 270 19 18 402 287 317 211 43 34 97 50 56 397 394 225 58 8 6 64 3 2 61 107 386 47 112 322 257 387 84 272 28 184 335 91 307 7 367 310 29 77 31 52 40 39 78 226 147 79 69 245 81 22 21 82 247 249 167 54 133 1 385 67 66 60 98 86 101 140 88 96 94 90 72 57 283 277 341 92 51 49 37 316 120 392 351 293 93 145 160 365 95 55 65 179 368 364 303 71 218 349 73 99 389 170 271 109 166 300 158 269 42 373 355 115 114 353 263 244 80 311 334 68 237 302 89 374 278 122 119 168 195 202 104 384 383 146 144 129 318 105 391 154 193 106 340 169 27 372 356 108 255 142 265 275 210 110 326 258 136 111 369 196 45 213 363 289 123 192 189 208 124 284 290 125 74 214 401 216 200 198 126 10 286 273 159 323 305 215 309 127 48 264 358 327 234 228 224 240 219 285 282 357 328 235 121 132 243 175 291 315 161 148 325 134 306 319 182 135 280 279 236 227 320 153 143 253 254 223 354 342 266 102 141 116 361 276 259 221 199 238 229 393 149 347 352 131 150 203 295 137 36 190 138 297 232 151 11 314 59 171 63 337 152 76 308 260 176 156 390 128 157 339 252 191 187 207 0 155 75 331 378 398 396 83 181 346 338 251 330 329 294 370 194 380 379 241 113 350 130 312 35 375 371 395 180 359 177 163 25 164 15 162 399 377 139 4 172 26 174 250 262 261 188 173 400 231 288 248 348 343 209 41 220 197 222 185 230 382 381 186 53 344 183 17 12 233 324 212 239 117 304 5 242 70 268 16 201 118 87 103 366 321 362 85 301 256 313 20 165 360 332 296 333 267 281 336 292 345 299 298 206 30 217 9 178
403;201;0.55;0.1;Single Point;insert;2621;196.422;186 53 190 100 44 23 14 62 13 205 204 24 36 166 32 274 46 33 376 68 38 270 19 18 253 42 287 83 202 43 34 295 232 130 50 56 308 394 225 58 8 6 182 103 64 3 2 61 107 386 47 112 322 257 65 364 341 97 335 150 84 272 28 285 169 55 86 310 29 77 31 52 40 39 78 226 147 79 69 245 81 22 21 82 247 85 172 26 388 318 118 314 75 140 59 152 76 158 1 373 267 281 87 177 233 218 221 67 66 60 98 88 96 94 90 72 57 167 402 137 360 91 141 116 92 51 49 37 54 234 129 256 249 301 120 392 351 293 93 145 165 180 359 95 27 303 71 102 239 70 246 217 349 73 99 389 164 15 184 0 157 269 139 355 115 114 353 263 312 35 244 80 372 41 313 20 268 16 242 117 155 278 122 119 168 104 203 220 384 383 197 361 146 144 241 109 133 339 105 391 154 106 340 333 196 4 213 356 251 328 317 108 255 265 275 210 304 260 110 326 258 111 369 193 374 363 289 123 192 189 124 284 290 125 74 214 401 216 200 198 153 323 305 215 309 127 48 358 327 128 228 224 231 240 219 136 350 126 10 131 282 357 121 132 243 211 288 175 291 315 209 148 325 161 134 306 319 135 280 279 236 227 320 248 348 316 362 307 143 254 223 344 345 173 354 342 266 163 25 201 259 385 199 181 346 338 149 347 352 142 300 286 273 370 230 382 212 178 138 337 194 324 381 151 11 207 45 208 296 332 276 298 171 63 297 162 399 377 331 378 398 396 176 156 390 170 334 237 400 311 271 264 330 329 294 195 380 379 160 365 188 299 159 7 336 292 343 366 321 174 250 252 371 179 368 367 101 183 17 12 206 30 222 185 235 113 395 238 229 393 262 261 302 89 283 277 375 191 187 387 9 397 5 186
403;201;0.55;0.1;Single Point;insert;2620;197.48;174 185 103 394 14 62 13 205 204 23 225 237 222 193 24 36 32 274 46 33 376 68 195 38 270 19 18 42 133 287 83 43 34 295 50 102 87 56 217 203 218 84 107 61 257 201 161 58 8 6 64 3 2 386 47 112 322 272 28 140 101 155 310 29 183 248 186 53 400 129 211 190 100 44 77 31 52 40 39 78 226 147 79 69 245 150 9 81 22 21 82 247 85 286 296 259 318 304 312 35 131 336 321 12 86 75 311 27 165 202 109 335 153 59 334 208 164 15 95 55 402 1 267 281 221 67 66 60 98 88 96 94 90 72 57 241 246 91 163 25 182 141 116 92 51 49 37 301 120 392 351 293 93 145 314 76 331 143 364 303 71 97 253 244 70 65 387 349 73 99 389 187 184 4 333 30 158 269 373 355 115 114 353 263 239 80 374 41 313 20 262 261 242 117 130 209 278 122 119 168 104 384 383 197 238 146 144 105 391 154 136 106 340 152 7 157 339 372 356 328 317 108 255 230 382 212 265 275 210 110 326 258 111 359 213 363 289 123 192 189 124 284 290 125 74 214 401 216 200 198 126 10 307 323 305 215 309 127 48 264 358 327 128 228 224 316 256 240 219 172 26 139 285 282 357 121 132 243 175 291 315 179 148 325 134 306 319 135 280 279 236 227 320 137 362 254 223 344 151 11 345 173 354 342 266 142 199 361 229 206 191 149 347 352 385 300 196 0 178 138 297 180 369 207 45 188 299 298 171 63 337 176 156 390 181 346 338 308 260 159 378 398 396 350 194 324 381 170 271 395 251 330 329 294 233 380 379 375 17 397 5 388 348 235 113 162 399 377 160 365 360 393 177 250 283 277 341 252 371 370 166 167 54 169 366 292 343 367 368 302 89 220 276 231 288 249 232 118 234 268 16 332 273 174
403;201;0.55;0.1;Single Point;insert;2605;199.19;393 186 53 6 23 14 62 13 205 204 24 36 32 274 46 283 277 341 33 376 68 38 270 19 18 42 133 402 287 83 221 43 34 295 97 167 50 130 397 5 304 394 225 208 58 8 29 64 3 2 61 107 386 47 112 322 257 65 308 260 172 268 16 385 9 220 84 272 28 335 55 59 310 52 40 39 77 31 73 78 226 147 246 79 69 245 81 22 21 202 82 247 54 253 85 26 248 12 86 11 152 75 311 27 157 1 206 267 281 87 56 177 175 110 166 67 66 60 44 88 96 94 90 72 57 129 160 15 141 116 92 51 49 37 316 256 249 237 301 120 392 351 293 93 145 307 143 164 365 314 165 139 364 303 71 178 100 98 217 349 115 336 360 99 389 181 346 338 151 101 180 359 136 201 118 196 0 373 30 232 103 302 89 163 25 158 269 91 114 353 263 102 372 41 193 244 117 155 271 213 278 122 119 168 104 203 182 239 70 387 384 383 218 197 238 146 144 105 391 154 106 340 184 4 209 356 328 317 108 255 109 275 210 265 326 258 111 369 207 45 374 363 289 123 192 189 124 339 211 170 284 290 125 74 214 401 216 200 198 126 10 313 323 305 215 309 127 48 264 358 327 128 234 228 224 240 219 285 282 357 252 371 395 132 243 291 315 179 140 76 161 148 325 134 306 319 135 280 279 194 324 320 137 362 254 223 344 332 173 354 342 266 345 276 259 142 199 149 347 352 150 300 318 273 350 236 227 381 242 80 231 288 171 63 297 190 138 337 331 378 398 396 370 233 176 156 390 333 131 355 400 159 7 251 330 329 294 235 121 195 380 379 375 191 187 169 334 153 20 95 292 343 388 348 188 299 298 366 321 241 113 222 185 367 368 183 17 162 399 377 174 250 230 382 212 262 261 286 296 312 35 361 229 393
403;201;0.55;0.1;Single Point;insert;2590;196.114;178 100 44 23 14 62 13 205 204 24 36 32 274 46 180 165 33 376 68 38 270 19 18 42 287 83 43 34 295 237 50 307 102 312 394 225 58 8 6 202 64 3 2 61 107 386 47 112 322 257 308 260 218 84 272 28 151 101 65 153 76 367 310 29 77 31 52 40 39 78 226 147 79 69 245 81 22 21 82 247 85 304 26 86 75 169 27 160 15 128 253 184 206 267 281 87 56 166 67 66 60 98 88 96 94 90 72 57 91 92 51 49 37 127 316 256 129 120 392 351 293 93 145 133 1 177 163 365 302 118 111 369 187 95 179 303 71 186 53 73 195 233 324 144 130 97 244 70 99 389 314 59 373 30 335 10 402 158 269 333 131 355 115 114 353 263 209 41 400 313 20 103 238 229 393 213 278 122 119 168 241 104 384 383 182 217 349 220 197 283 277 361 146 212 105 391 154 246 174 250 201 89 193 374 372 356 136 370 328 317 106 340 208 157 339 196 0 207 45 363 289 108 255 301 249 265 275 210 110 326 258 254 223 214 192 189 211 123 399 162 48 360 264 358 327 124 284 290 125 74 216 200 198 126 55 341 331 323 305 215 309 252 191 234 228 224 240 219 232 273 350 285 282 357 121 132 243 167 54 231 288 175 291 315 161 148 325 134 306 319 181 346 338 135 280 279 141 116 236 227 320 137 362 242 80 221 300 139 4 140 11 401 354 342 266 142 199 164 25 149 347 352 150 9 109 190 138 297 152 143 359 385 259 286 296 397 5 188 276 298 171 63 337 262 268 16 176 156 390 159 7 377 388 155 378 398 396 170 334 318 261 311 271 395 251 330 329 294 194 380 379 222 185 248 348 343 366 292 364 368 172 35 375 371 183 17 12 239 117 235 113 230 382 381 332 299 336 321 345 173 344 387 203 178
403;201;0.55;0.1;Single Point;insert;2614;179.853;339 211 288 97 183 17 12 23 14 62 13 205 204 24 36 32 274 46 33 376 68 388 38 270 19 18 42 402 287 83 43 34 295 50 134 232 397 5 246 87 56 312 394 225 58 8 6 237 102 64 3 2 61 107 386 47 112 322 257 65 308 35 387 9 217 84 272 28 126 55 318 91 151 59 367 20 164 160 15 314 310 29 202 77 31 52 40 39 193 78 226 147 222 185 180 165 359 190 100 44 79 69 245 81 22 21 82 247 249 167 54 128 85 86 75 335 27 360 130 139 206 267 281 137 221 67 66 60 98 88 96 94 90 72 57 163 25 141 116 253 230 92 51 49 37 316 120 392 351 293 208 93 145 111 369 307 143 365 95 364 303 71 142 239 70 220 349 73 178 99 389 187 311 10 196 0 373 30 157 269 131 355 115 114 353 263 244 80 372 41 302 89 238 229 393 103 299 242 117 209 278 122 119 168 194 324 144 104 203 150 384 383 197 374 361 146 212 105 391 154 106 340 184 4 213 356 264 328 317 108 255 129 301 256 109 275 210 110 326 258 207 45 363 315 123 192 189 124 284 290 125 74 214 401 216 200 198 182 331 323 305 215 309 127 48 358 327 234 228 224 240 219 252 371 350 254 285 282 357 251 113 370 235 121 136 132 306 319 313 7 161 148 325 135 280 279 166 199 152 368 175 291 362 179 223 344 345 173 354 342 266 188 276 259 159 76 341 149 347 352 218 385 300 140 11 286 273 236 227 381 332 296 298 171 63 297 268 16 265 138 337 153 101 155 378 398 396 186 53 176 156 390 169 334 158 1 366 292 329 294 241 330 343 336 321 289 174 250 177 375 191 162 399 377 170 271 395 181 346 338 195 380 379 248 348 201 118 231 243 262 261 233 382 320 283 277 304 260 172 26 333 400 133 339
403;201;0.55;0.1;Single Point;insert;2645;197.609;190 100 44 23 14 62 13 205 204 24 36 110 233 102 32 274 46 33 376 68 137 38 270 19 18 42 287 83 43 34 295 129 195 128 50 56 308 394 225 58 8 6 167 64 3 2 61 107 386 47 112 322 257 246 65 312 260 218 84 272 28 140 151 101 311 55 136 152 310 29 183 77 31 52 40 39 335 78 226 147 79 69 245 81 22 21 82 247 249 85 26 367 75 182 155 20 169 27 402 133 1 333 267 281 87 150 67 66 60 98 91 237 88 96 94 208 202 201 90 72 57 163 25 92 51 49 37 54 301 256 316 120 392 351 293 93 145 164 365 193 177 252 191 187 186 53 73 194 324 212 99 389 160 15 111 165 359 206 30 360 157 269 373 355 95 303 71 97 220 9 217 349 115 114 353 263 302 118 314 76 318 239 80 331 7 393 103 142 244 117 86 11 372 278 122 119 168 104 203 387 384 383 197 253 146 144 174 185 105 391 154 130 106 340 209 356 328 317 108 255 362 162 399 377 109 275 210 161 148 258 265 326 325 374 363 289 123 192 189 124 284 290 125 74 214 401 216 200 198 307 323 305 215 309 385 127 48 358 327 234 228 224 262 261 131 207 282 357 235 121 132 243 240 219 236 231 288 175 291 315 134 306 319 135 280 279 211 227 320 139 4 285 254 223 344 188 173 354 342 266 141 116 166 199 361 229 149 347 352 178 138 297 286 298 171 63 337 268 16 176 156 390 153 59 338 181 346 159 378 398 396 370 400 158 339 232 89 170 271 395 251 330 329 294 264 380 379 172 276 273 350 336 292 248 348 230 382 381 313 143 341 283 277 364 368 17 12 304 35 241 113 222 250 179 334 180 369 184 0 366 321 196 45 213 41 375 371 221 300 238 259 242 70 397 5 332 296 126 10 345 299 388 343 190
403;201;0.55;0.1;Single Point;insert;2652;185.475;331 191 187 23 14 62 13 205 204 24 36 162 360 160 365 32 274 46 33 376 68 38 270 19 18 87 42 133 287 83 202 43 34 295 50 56 397 394 225 190 100 44 182 58 8 6 64 3 2 61 107 386 47 112 322 257 65 217 84 272 28 335 126 55 367 76 86 59 152 310 29 208 246 77 31 52 40 39 78 226 147 79 69 245 81 22 21 373 82 247 167 54 85 234 172 26 232 312 35 102 314 75 130 158 1 333 267 281 166 67 66 60 98 194 324 144 163 25 369 193 141 116 88 96 94 110 90 72 57 92 51 49 37 129 301 256 249 316 120 392 351 293 93 145 164 15 201 89 140 101 95 303 71 97 177 253 221 220 387 349 73 99 389 180 165 196 0 139 207 45 131 355 115 114 353 263 103 308 5 239 80 311 10 244 117 209 278 122 119 168 104 203 218 384 383 197 388 12 238 146 231 288 105 391 154 106 340 206 30 302 118 195 251 328 317 108 255 236 212 109 275 210 265 326 258 111 359 372 41 363 289 123 192 189 124 284 290 125 74 214 401 216 200 198 313 323 305 215 309 174 185 286 259 127 48 264 358 327 128 228 224 240 219 91 338 285 282 357 121 235 113 395 132 243 175 291 315 213 356 161 148 325 134 306 319 135 280 279 136 227 320 137 362 307 20 254 223 344 186 53 242 70 318 173 354 342 266 142 199 273 361 229 393 149 347 352 150 300 230 382 176 138 297 151 11 171 63 337 153 7 178 156 390 181 346 374 377 155 378 398 396 370 157 339 211 381 233 380 379 170 334 159 143 364 271 350 336 292 329 294 241 330 248 348 343 345 276 188 299 298 184 4 366 321 179 368 375 371 252 399 169 27 183 17 222 250 237 400 262 261 268 16 283 277 341 304 260 332 296 402 269 385 9 331
403;201;0.55;0.1;Single Point;insert;2619;179.094;190 100 44 23 14 62 13 205 204 171 24 36 129 208 32 274 46 193 33 376 68 38 270 19 18 42 133 287 83 43 34 295 253 50 56 308 394 225 58 8 6 64 3 2 61 107 386 47 112 322 257 65 304 260 312 35 220 84 272 28 151 101 87 311 55 314 310 29 77 31 52 40 39 78 226 147 79 69 245 81 22 21 85 82 247 137 54 241 172 26 86 75 388 95 169 27 158 1 244 139 97 373 206 267 281 402 221 67 66 60 98 88 96 94 90 72 57 91 164 25 92 51 49 37 240 219 195 288 128 120 392 351 293 93 145 143 180 165 364 303 71 166 242 70 387 349 73 202 222 185 111 369 187 374 356 333 30 131 355 115 114 353 263 99 389 184 4 318 302 89 307 7 201 118 268 16 372 41 393 246 80 127 209 278 122 119 168 103 239 117 264 328 317 104 203 150 384 383 167 361 146 144 231 360 105 391 154 106 340 130 160 15 262 261 237 136 217 9 141 116 207 45 213 363 289 108 255 194 324 212 109 265 275 210 110 326 258 186 53 214 192 189 181 346 338 182 123 48 358 327 316 249 124 339 170 284 290 125 74 216 200 198 126 10 159 323 305 215 309 375 191 234 228 224 335 401 400 254 282 357 121 132 243 175 291 315 152 76 161 148 325 134 306 319 135 280 279 236 227 320 336 321 362 285 223 344 140 59 177 173 354 342 266 286 259 142 199 238 229 149 347 352 385 300 232 273 176 381 332 296 298 63 297 102 178 138 337 153 11 359 155 378 398 396 370 163 365 211 156 390 157 269 366 292 251 330 329 294 350 188 276 345 299 162 399 377 331 271 174 250 183 17 12 252 371 395 179 334 235 113 196 0 230 382 218 197 233 380 379 248 348 343 301 256 313 368 283 277 341 367 20 397 5 190
403;201;0.55;0.1;Single Point;insert;2584;198.318;183 17 12 137 54 23 14 62 13 205 204 201 118 208 166 24 36 366 32 274 46 33 376 68 38 270 19 18 42 133 287 83 43 34 295 345 276 50 102 85 308 394 225 129 58 8 6 64 3 2 61 107 386 47 112 322 257 360 65 335 91 312 5 87 56 397 35 195 211 218 84 272 28 196 140 101 311 10 314 59 356 159 310 29 128 193 130 126 334 97 77 31 52 40 39 78 226 147 402 79 69 245 81 22 21 167 177 202 82 247 249 163 15 375 191 187 86 75 246 333 267 281 221 67 66 60 44 253 88 96 94 90 72 57 206 30 139 4 164 25 141 116 92 51 49 37 109 367 321 362 316 256 301 120 392 351 293 93 145 152 143 160 365 124 339 373 142 331 7 369 157 1 136 158 269 131 355 73 95 55 179 303 71 239 70 150 349 115 114 353 263 99 389 372 41 318 302 89 313 76 209 278 122 119 168 103 242 117 232 264 328 317 178 100 98 104 203 387 384 383 9 220 197 146 144 105 391 154 106 340 108 255 230 382 212 265 275 210 110 326 258 111 359 237 207 45 180 165 213 363 289 123 192 189 170 284 290 125 74 214 401 216 200 198 181 323 305 215 309 127 48 251 358 327 234 228 224 240 219 307 20 285 282 357 235 121 374 271 395 132 243 231 288 175 291 315 161 148 325 134 306 319 135 280 279 236 227 320 254 223 344 188 173 354 342 266 172 26 361 299 259 385 199 238 229 393 283 277 341 149 347 352 217 300 244 80 286 273 350 190 138 297 332 296 298 248 171 63 337 268 16 176 156 390 153 346 338 155 378 398 396 370 194 324 381 151 11 169 27 182 330 329 294 233 380 379 388 348 262 261 162 399 377 241 113 174 185 364 368 252 371 184 0 186 53 400 222 250 304 260 336 292 343 183
403;201;0.55;0.1;Single Point;insert;2574;193.118;191 187 174 185 50 56 87 103 397 394 14 62 13 205 204 248 23 225 24 36 32 274 46 102 33 376 68 239 70 38 270 19 18 42 402 287 83 262 43 34 295 304 5 373 217 84 107 61 257 253 58 8 6 64 3 2 386 47 112 370 322 272 28 127 283 277 140 76 110 318 367 310 29 65 77 31 52 40 39 97 195 180 165 237 111 369 178 100 44 360 78 226 147 79 69 245 139 81 22 21 82 247 208 167 54 85 86 75 150 335 95 10 341 158 126 27 157 1 333 267 281 129 166 67 66 60 98 88 96 94 90 72 57 141 116 92 51 49 37 240 219 182 128 120 392 351 293 93 145 164 365 364 303 71 218 349 73 99 389 206 30 312 35 202 133 269 131 355 115 114 353 263 244 80 55 307 7 213 41 302 89 142 238 229 393 246 130 242 117 314 59 209 278 122 119 168 104 203 387 384 383 9 220 197 146 144 105 391 154 222 106 340 124 339 201 118 172 26 207 45 163 25 372 356 264 328 317 108 255 211 212 109 275 210 193 265 326 258 374 363 289 123 192 189 170 284 290 125 74 214 401 216 200 198 232 261 152 101 331 323 305 215 309 162 48 251 358 327 234 228 224 184 4 285 282 357 113 395 132 243 175 291 315 136 161 148 325 134 306 319 135 280 279 236 227 320 137 362 196 0 254 223 344 268 16 345 173 354 342 266 308 260 221 199 149 347 352 385 300 188 299 273 350 190 138 297 151 11 359 286 298 12 171 63 337 176 156 390 153 338 155 378 398 396 194 324 381 169 334 311 271 235 121 241 330 329 294 233 380 379 186 53 400 388 348 343 159 20 361 276 259 230 382 231 288 336 292 301 249 366 321 332 296 177 250 160 15 181 346 179 368 183 17 252 371 316 256 91 399 377 313 143 375 191
403;201;0.75;0.1;Single Point;insert;2641;189.999;181 346 190 100 44 23 14 62 13 205 204 171 97 360 24 36 32 274 46 33 376 68 180 165 136 184 38 270 19 18 42 232 172 388 177 402 287 83 43 34 295 137 50 56 85 394 225 58 8 6 208 237 64 3 2 61 107 386 47 112 322 257 65 312 5 123 304 35 387 84 272 28 311 55 314 59 103 110 152 76 153 310 29 77 31 52 40 39 78 226 147 79 69 245 81 22 21 82 247 167 54 397 26 86 11 151 75 335 95 27 133 1 333 267 281 217 385 67 66 60 98 202 87 88 96 94 90 72 57 91 116 161 148 154 92 51 49 37 129 301 120 392 351 293 93 145 163 365 364 303 71 246 70 220 349 73 99 389 193 159 7 182 111 369 130 187 195 318 118 179 131 30 157 269 206 355 115 114 353 263 209 41 338 139 4 302 89 359 367 20 158 339 102 308 260 164 25 393 374 278 122 119 168 169 104 384 383 197 361 146 144 105 391 210 106 340 313 143 213 356 141 264 328 317 108 249 230 382 212 109 275 258 253 265 326 325 186 53 214 192 189 160 15 207 45 372 363 289 162 48 358 327 124 284 290 125 74 216 200 198 126 10 352 201 323 305 215 309 127 191 128 255 234 228 224 240 219 140 101 254 282 357 251 113 395 132 243 175 291 315 134 306 319 135 280 279 231 288 320 285 223 344 332 173 354 342 266 142 166 199 218 203 238 229 149 347 401 400 150 9 221 300 236 227 381 286 296 298 63 297 262 261 268 16 178 138 337 176 156 194 324 373 377 155 378 398 396 350 211 390 336 292 329 294 316 256 362 170 334 331 271 241 330 343 188 276 259 248 348 174 185 233 380 379 345 299 366 321 222 250 283 277 341 375 399 183 17 12 252 371 235 121 242 273 370 244 80 196 0 239 117 307 368 181
403;201;0.75;0.1;Single Point;insert;2593;196.817;360 193 185 129 153 191 187 23 14 62 13 205 204 24 36 32 274 46 33 376 68 38 270 19 18 42 287 83 43 34 295 142 50 56 175 85 308 394 225 58 8 6 64 3 2 61 107 386 47 112 322 257 65 304 5 87 234 103 248 397 260 402 312 35 387 84 272 28 101 311 10 237 109 335 95 55 195 314 310 29 77 31 52 40 39 78 226 147 79 69 245 81 22 21 82 247 130 246 97 164 15 183 17 12 181 346 66 60 44 186 53 115 182 172 26 86 75 157 1 131 333 267 281 220 67 94 88 96 114 353 263 167 90 72 57 91 160 25 262 141 116 92 51 49 37 316 256 249 137 54 162 174 301 120 392 351 293 179 93 145 136 367 143 189 111 165 364 303 71 385 217 349 73 99 389 180 369 184 0 133 269 331 7 201 89 159 20 302 118 11 102 229 393 208 239 117 372 278 122 119 168 104 203 150 384 383 9 238 146 144 105 391 154 207 45 359 106 340 139 4 374 356 328 317 206 355 400 242 80 202 178 100 98 126 108 255 265 275 210 177 110 326 258 209 41 213 363 289 123 192 338 124 284 290 125 74 214 401 216 200 198 307 323 305 215 309 127 48 251 358 327 128 228 224 176 212 240 219 253 283 277 341 196 285 282 357 235 121 132 243 318 298 291 315 161 148 325 134 306 319 135 280 279 254 223 344 140 59 218 197 345 173 354 342 266 149 347 352 221 300 286 273 236 227 320 151 76 332 296 171 63 297 190 138 337 268 16 211 156 390 336 321 362 169 27 194 324 381 388 348 155 378 398 396 152 334 166 199 158 339 170 271 395 230 382 241 330 329 294 370 233 380 379 366 292 343 188 299 264 113 313 368 252 371 350 375 399 377 163 365 222 250 231 288 232 261 244 70 361 276 259 373 30 360
403;201;0.75;0.1;Single Point;insert;2623;173.384;186 53 6 360 23 14 62 13 205 204 24 36 32 274 46 33 376 68 38 270 19 18 42 133 287 83 43 34 295 50 56 195 172 394 225 233 102 58 8 29 64 3 2 61 107 386 47 112 322 257 65 87 103 35 84 272 28 140 101 318 126 10 335 55 246 153 367 59 152 76 165 308 151 310 52 40 39 77 31 190 100 44 78 226 147 79 69 245 231 81 22 21 82 247 85 86 75 402 1 333 267 281 217 150 9 137 127 208 221 67 66 60 98 237 88 96 94 90 72 57 91 159 20 232 92 51 49 37 316 256 249 128 301 120 392 351 293 93 145 207 178 373 307 143 95 303 71 182 97 304 260 218 349 73 99 389 177 206 30 157 269 131 355 115 114 353 263 244 80 372 41 202 180 359 268 16 302 89 111 369 201 118 393 253 242 117 122 119 168 194 324 144 364 368 181 346 338 129 248 134 288 130 104 203 387 384 383 220 197 361 146 212 105 391 154 106 340 196 4 374 356 251 328 317 108 255 211 243 289 109 275 210 110 326 258 314 11 213 363 315 123 192 189 124 284 290 125 74 214 401 216 200 198 312 26 155 323 305 215 309 162 48 136 370 358 327 234 228 224 235 113 350 285 282 357 121 132 306 319 161 148 325 239 70 135 280 279 175 291 362 139 0 254 223 344 375 371 286 273 395 345 173 354 342 266 141 116 238 259 142 229 283 277 341 149 347 352 397 5 385 300 236 227 320 332 296 193 276 298 171 63 297 176 138 337 158 339 311 27 331 378 398 396 265 156 390 169 334 170 271 174 185 241 330 329 294 264 380 379 166 199 160 15 188 299 366 292 343 336 321 230 382 381 222 250 179 191 187 252 399 377 163 25 183 17 12 164 365 167 54 184 45 209 278 240 219 262 261 313 7 400 388 348 186
403;201;0.75;0.1;Single Point;insert;2650;196.297;233 174 185 12 103 394 14 62 13 205 204 130 237 222 23 225 24 36 32 274 46 33 376 68 38 270 19 18 402 287 83 43 34 295 50 42 102 178 100 44 268 16 58 8 6 64 3 2 61 107 386 47 112 322 257 65 217 9 220 360 387 84 272 28 140 11 314 101 307 310 29 77 31 52 40 39 78 226 147 79 69 245 97 81 22 21 82 247 137 54 172 26 86 75 169 27 157 1 206 267 281 87 56 244 182 166 67 66 60 98 88 96 94 90 72 57 335 91 195 141 15 160 25 158 339 238 164 116 92 51 49 37 136 129 256 249 241 316 120 392 351 293 333 93 145 388 348 202 254 111 359 187 95 179 303 71 246 70 150 349 73 99 389 151 59 180 165 253 248 373 30 131 355 115 114 353 263 331 7 397 312 35 302 89 352 313 20 133 269 201 118 232 261 208 239 117 209 278 122 119 168 175 104 203 318 128 142 218 384 383 197 146 144 105 391 154 106 340 213 356 328 317 108 255 211 212 109 275 210 110 326 258 374 363 289 186 53 214 192 189 123 252 399 297 162 48 251 358 327 124 284 290 125 74 216 200 198 126 55 367 76 301 155 323 305 215 309 190 231 288 127 191 184 45 338 234 228 224 240 219 311 10 341 139 282 357 121 132 243 85 298 291 315 161 148 325 134 306 319 135 280 279 194 324 320 285 223 344 345 173 354 342 266 385 199 229 393 149 347 401 400 181 346 176 156 390 361 273 236 227 381 286 296 171 63 377 265 138 337 153 143 369 159 378 398 396 395 167 196 0 152 271 370 330 329 294 350 264 380 379 366 292 343 336 321 362 230 382 193 177 250 163 365 364 368 375 371 170 334 262 183 17 188 299 221 300 207 4 235 113 242 80 283 277 332 276 259 304 260 308 5 372 41 233
403;201;0.75;0.1;Single Point;insert;2598;196.56;183 17 12 23 14 62 13 205 204 24 36 32 274 46 33 376 68 38 270 19 18 42 287 83 43 34 295 50 56 285 202 97 103 394 225 58 8 6 64 3 2 61 107 386 47 112 322 257 65 139 397 260 304 35 238 229 393 166 9 387 84 272 28 314 310 29 77 31 52 40 39 78 226 147 184 4 131 206 267 281 79 69 245 175 81 22 21 182 82 247 129 256 249 167 54 85 172 26 86 75 208 126 27 91 164 15 402 158 1 333 30 360 96 66 60 44 87 221 67 94 88 353 263 312 90 72 57 141 116 92 51 49 37 301 120 392 351 293 195 93 145 341 367 143 111 165 335 179 303 71 217 349 73 99 389 110 152 76 359 186 53 400 193 196 0 373 355 115 114 102 242 80 95 55 313 7 372 41 232 261 253 201 89 318 302 118 268 171 311 10 130 374 278 122 119 168 237 142 104 203 218 384 383 197 361 146 144 105 391 154 106 340 133 194 324 212 108 255 231 243 134 288 109 275 210 265 326 258 157 269 207 45 363 315 123 192 189 211 124 284 388 348 290 137 125 74 214 283 277 401 216 200 198 155 368 140 59 159 323 305 215 309 162 48 251 358 327 128 234 228 224 240 219 136 350 254 282 357 328 395 132 306 319 161 148 325 178 100 98 230 382 320 135 280 279 316 298 291 362 181 223 344 332 173 354 342 266 385 199 150 213 356 149 347 352 220 300 236 227 381 248 63 297 190 138 337 262 16 246 176 156 390 153 346 338 209 127 399 377 331 378 398 396 151 11 101 264 330 329 294 235 121 233 380 379 177 276 259 160 25 188 299 286 273 163 365 307 20 366 292 343 241 113 317 174 250 375 371 169 334 170 339 244 117 239 70 222 185 252 191 187 180 369 308 5 336 321 289 345 296 364 271 370 183
403;201;0.75;0.1;Single Point;insert;2648;195.169;183 17 12 130 194 324 144 236 23 14 62 13 205 204 24 36 32 274 46 139 195 33 376 68 38 270 19 18 42 287 83 162 43 34 295 50 308 260 172 26 206 304 394 225 128 85 58 8 6 64 3 2 61 107 386 47 112 322 257 177 65 397 312 35 179 218 84 272 28 385 367 11 140 101 159 143 310 29 318 77 31 52 40 39 78 226 147 79 69 245 81 22 21 82 247 249 86 75 335 311 27 133 1 152 7 163 15 232 109 333 267 281 171 87 56 166 67 66 60 44 88 96 94 193 360 90 72 57 92 51 49 37 150 129 97 402 301 120 392 351 293 182 93 145 165 364 303 71 246 242 70 387 349 73 99 389 187 180 369 126 10 157 269 373 355 115 114 353 263 102 103 5 213 41 307 20 302 118 241 361 229 393 253 208 220 197 239 117 341 167 54 374 278 122 119 168 104 203 217 384 383 9 146 212 105 391 154 106 340 184 4 131 30 202 201 89 209 356 328 317 108 255 190 100 98 174 185 91 265 275 210 110 326 258 111 359 207 45 363 289 123 192 189 124 284 290 125 74 214 401 216 200 198 313 323 305 215 309 127 48 264 358 327 234 228 224 231 243 240 219 196 0 285 282 357 235 121 169 371 395 132 288 175 291 315 153 76 161 148 325 134 306 319 135 280 279 136 227 320 137 362 254 223 344 188 173 354 342 266 141 116 142 199 149 347 352 186 53 252 191 237 400 221 300 238 273 211 381 286 296 298 248 63 297 268 16 176 138 337 181 346 338 372 377 178 156 390 155 378 398 396 151 334 158 339 170 271 370 330 329 294 350 233 380 379 230 382 160 365 314 59 366 292 388 348 343 332 299 259 251 113 283 277 375 399 331 368 164 25 222 250 244 80 95 55 316 256 336 321 345 276 262 261 183
403;201;0.75;0.1;Single Point;insert;2592;190.886;181 346 66 60 44 23 14 62 13 205 204 24 36 32 274 46 85 33 376 68 193 38 270 19 18 42 287 83 43 34 295 177 50 308 394 225 58 8 6 64 3 2 61 107 386 47 112 322 257 65 172 103 5 304 26 312 35 387 9 150 84 272 28 311 55 59 367 310 29 77 31 52 40 39 237 78 226 147 234 79 69 245 81 22 21 82 247 388 12 208 86 75 335 27 158 1 373 267 281 142 87 56 202 385 67 94 186 53 73 176 156 154 180 165 190 100 98 88 96 338 90 72 57 91 163 25 184 92 51 49 37 167 54 316 120 392 351 293 93 145 130 95 10 364 303 71 97 242 70 217 349 360 99 389 196 0 333 30 127 131 355 115 114 353 263 246 244 80 318 102 253 276 298 268 402 232 261 182 372 41 201 118 101 239 117 213 278 122 119 168 104 203 218 384 383 361 146 144 105 391 194 324 212 106 369 111 340 160 15 157 339 206 139 4 169 209 356 136 317 129 255 109 265 275 210 110 326 258 285 45 374 363 289 123 192 189 124 284 290 125 74 214 401 216 200 198 126 331 323 305 215 309 162 48 251 358 327 128 228 224 211 240 219 207 282 357 121 179 271 370 328 395 132 243 108 249 231 288 175 291 315 133 269 161 148 325 134 306 319 135 280 279 236 227 320 137 362 254 223 344 140 76 341 345 173 354 342 266 141 116 164 365 166 199 151 11 307 20 302 89 238 229 393 149 347 352 221 300 174 185 286 273 178 138 297 188 296 314 359 171 63 337 152 143 262 16 195 390 155 378 398 396 241 400 170 334 264 330 329 294 233 380 379 366 292 343 248 348 336 321 230 382 381 235 113 350 313 191 187 222 250 252 399 377 153 368 183 17 159 7 332 299 259 220 197 283 277 301 256 375 371 397 260 181
403;201;0.75;0.1;Single Point;insert;2631;195.332;174 185 304 394 14 62 13 205 204 237 23 225 24 36 32 274 46 33 376 68 202 38 270 19 18 388 42 287 83 43 34 295 50 397 260 65 312 35 220 218 9 150 84 107 61 257 58 8 6 64 3 2 386 47 112 322 272 28 140 11 101 222 250 152 76 277 341 87 56 311 176 367 310 29 178 100 44 77 31 52 40 39 78 226 147 79 69 245 179 175 253 81 22 21 82 247 360 167 85 172 26 335 86 75 139 126 27 157 1 333 267 281 133 142 385 67 66 60 98 88 96 94 90 72 57 141 116 402 102 92 51 49 37 54 301 256 129 120 392 351 293 93 145 201 365 213 91 369 187 95 10 364 303 71 97 239 70 349 73 99 389 130 111 340 180 359 196 0 373 30 131 355 115 114 353 263 246 244 80 55 307 7 106 165 209 41 103 268 318 89 45 393 160 278 122 119 168 104 384 383 197 146 144 105 391 154 387 313 20 286 273 372 356 328 317 108 255 195 182 136 109 275 210 110 265 326 258 177 374 363 289 128 193 123 192 189 124 269 170 284 290 208 125 74 214 401 216 200 198 159 323 305 215 309 127 48 251 358 327 238 229 234 228 224 240 219 194 324 181 346 186 53 400 207 282 357 235 121 314 271 395 132 243 231 288 283 361 276 298 291 315 161 148 325 134 306 319 135 280 279 236 227 320 137 362 285 254 223 344 158 339 188 173 354 342 266 166 199 149 347 352 221 300 338 190 138 297 151 59 345 296 171 63 337 262 16 156 390 153 143 206 191 162 399 377 155 378 398 396 350 211 381 169 334 241 330 329 294 370 233 380 379 217 203 248 348 343 252 163 15 366 292 230 382 212 264 113 375 371 336 321 183 17 12 164 25 308 5 184 4 242 117 302 118 316 249 331 368 332 299 259 232 261 174
403;201;0.75;0.1;Single Point;insert;2576;191.163;397 35 253 183 17 12 23 14 62 13 205 204 318 24 36 32 274 46 209 41 285 241 248 65 235 113 33 376 68 38 270 19 18 42 402 287 83 43 34 295 85 394 225 58 8 6 64 3 2 61 107 386 47 112 322 257 97 387 84 272 28 86 101 311 55 152 310 29 77 31 52 40 39 78 226 147 79 69 245 193 81 22 21 82 247 316 256 249 360 335 167 54 221 67 66 60 44 137 195 133 1 333 267 281 87 56 208 246 242 70 220 349 73 88 96 94 90 72 57 91 92 51 49 37 301 120 392 351 293 93 145 367 76 153 143 213 356 180 165 178 100 98 95 10 201 303 71 99 389 175 111 369 109 184 4 202 373 30 129 206 131 355 115 114 353 263 102 312 260 314 59 313 7 217 9 307 75 141 116 332 296 232 118 103 308 5 151 11 359 187 283 277 341 372 278 122 119 168 182 104 203 150 384 383 218 197 361 146 144 105 391 154 304 106 340 164 365 302 89 136 317 130 108 255 211 212 128 265 275 210 110 326 258 169 27 374 363 289 123 192 189 124 284 290 237 125 74 214 401 216 200 198 331 323 305 215 309 126 127 48 358 327 234 228 224 240 219 264 121 364 271 350 139 282 357 328 395 132 243 231 288 50 298 291 315 158 269 161 148 325 134 306 319 135 280 279 236 227 320 254 223 344 140 354 342 266 177 276 259 142 166 199 238 229 393 149 347 352 385 300 338 188 299 286 273 176 138 297 244 80 171 63 337 172 26 194 324 381 181 16 268 346 190 156 390 155 378 398 396 157 339 251 330 329 294 233 380 379 163 25 160 15 174 185 388 348 343 159 20 336 321 362 366 292 252 371 370 162 399 377 186 53 400 170 334 179 368 196 0 207 45 375 191 222 250 230 382 239 117 262 261 345 173 397
403;201;0.75;0.1;Single Point;insert;2586;170.667;195 190 100 44 23 14 62 13 205 204 24 36 387 32 274 46 33 376 68 38 270 19 18 42 287 83 183 17 12 43 34 295 50 56 102 304 394 225 58 8 6 64 3 2 61 107 386 47 113 257 127 312 35 65 150 84 272 28 311 55 177 140 246 314 59 248 103 155 310 29 77 31 52 40 39 78 226 147 79 69 245 81 22 21 402 82 247 54 186 53 73 85 86 101 193 153 75 136 253 169 27 206 267 281 87 360 308 5 237 221 67 66 60 98 88 96 94 90 72 57 92 51 49 37 129 120 392 351 293 93 145 165 95 303 71 239 70 99 389 187 180 359 109 207 0 333 30 97 131 355 115 114 353 263 244 80 158 269 133 339 232 302 118 242 117 91 278 122 119 168 104 384 383 220 197 361 146 144 105 391 154 106 340 213 356 251 328 317 182 108 255 211 212 265 275 210 110 326 258 111 369 374 363 289 123 192 189 124 284 290 125 74 214 401 216 200 198 307 323 305 215 309 162 48 358 327 130 128 234 228 224 364 184 45 139 371 350 285 282 357 322 395 132 288 175 291 315 151 7 161 148 325 134 306 319 135 280 279 236 227 320 137 362 373 254 223 344 345 173 354 342 266 335 141 116 332 276 259 142 199 149 347 352 218 349 400 166 300 172 26 273 370 264 112 126 10 178 138 297 181 346 338 167 194 324 381 188 296 208 286 299 298 318 171 63 337 152 76 268 16 176 156 390 164 15 331 378 398 396 157 1 170 334 241 330 329 294 233 380 379 159 20 367 11 316 249 160 25 262 261 388 348 174 185 201 89 372 271 336 292 343 179 368 366 321 375 399 377 202 163 365 209 41 217 203 252 191 230 382 231 243 238 229 393 240 219 235 121 283 277 341 196 4 301 256 313 143 222 250 385 9 397 260 195
403;201;0.9;0.1;Single Point;insert;2598;181.281;196 0 206 267 46 109 23 14 62 13 205 204 24 36 32 274 83 33 376 68 38 270 19 18 42 388 133 287 107 61 257 43 34 295 50 103 5 397 394 225 58 8 6 64 3 2 386 47 112 322 272 28 101 169 55 140 232 314 310 29 65 97 254 304 260 385 150 84 281 208 77 31 52 40 39 211 136 128 186 53 73 183 17 12 78 226 147 79 69 245 162 81 22 21 82 247 167 54 308 172 26 166 67 66 60 44 86 75 253 335 27 164 15 402 1 88 96 94 90 72 57 95 190 100 98 163 25 131 246 141 116 92 51 49 37 129 316 120 392 351 293 93 145 237 207 45 102 182 130 364 303 71 126 10 161 87 56 221 300 85 99 389 202 180 359 91 369 333 30 157 269 373 355 115 114 353 263 220 152 76 159 7 374 41 139 4 201 89 155 20 302 118 59 393 244 117 307 278 122 119 168 104 384 383 9 193 218 197 361 146 144 105 391 154 137 106 340 311 372 356 328 317 108 255 265 275 210 110 326 258 111 165 213 363 289 123 192 189 124 284 290 125 74 214 401 216 200 198 195 238 296 331 323 305 215 309 127 48 251 358 327 234 228 224 240 219 184 282 357 235 121 160 371 370 132 243 175 291 315 360 151 11 148 325 134 306 319 135 280 279 236 227 320 285 223 344 345 173 354 342 266 142 199 229 400 149 347 352 387 349 239 80 318 312 35 286 273 178 138 297 375 191 187 181 346 338 174 185 188 276 298 171 63 337 332 299 259 268 16 176 156 390 153 368 313 378 398 396 194 324 381 179 170 334 158 339 177 264 330 329 294 350 233 380 379 301 256 248 348 343 230 382 212 283 277 341 252 399 377 241 113 366 321 362 367 143 365 262 261 242 70 209 271 395 217 203 222 250 231 288 249 336 292 196
403;201;0.9;0.1;Single Point;insert;2650;190.117;182 226 147 23 14 62 13 205 204 24 36 32 274 46 33 376 68 38 270 19 18 42 287 83 43 34 295 336 50 56 146 397 394 225 58 8 6 64 3 2 61 107 386 47 112 322 257 137 312 35 360 150 84 272 28 140 101 283 277 341 311 55 86 310 29 335 375 87 77 31 52 40 39 78 382 144 177 79 69 245 81 22 21 82 247 85 260 388 12 126 27 253 402 158 1 333 267 281 166 67 66 60 44 95 202 88 96 94 131 308 90 72 57 186 53 133 136 167 54 237 179 174 185 190 100 98 163 116 92 51 49 37 249 316 120 392 351 293 93 145 307 143 369 141 365 175 103 196 0 130 187 128 364 303 71 102 208 239 70 217 349 73 99 389 157 269 373 355 115 114 353 263 172 26 246 244 80 10 318 302 89 367 75 331 20 201 118 372 41 151 76 232 261 195 209 278 122 119 168 301 256 236 104 384 383 97 220 197 105 391 154 106 340 129 184 4 178 213 356 65 159 271 350 251 328 317 108 255 109 275 210 110 326 258 111 165 164 25 374 363 289 123 192 189 124 284 290 125 74 214 401 216 200 198 262 323 305 215 309 162 48 264 358 327 234 228 224 314 59 11 313 7 338 139 282 357 121 235 113 395 132 243 231 288 361 298 291 315 161 148 325 134 306 319 135 280 279 230 227 320 152 321 362 285 223 344 193 173 354 342 266 142 385 199 238 229 393 149 347 352 221 300 304 5 286 273 370 265 138 297 171 63 337 268 16 176 156 390 181 346 155 378 398 396 252 191 240 219 194 324 381 366 292 329 294 207 45 400 233 330 343 188 276 259 241 380 379 160 15 345 299 183 17 248 348 222 250 153 368 254 371 332 296 180 359 91 127 399 377 169 334 170 339 206 30 211 212 218 203 242 117 387 9 182
403;201;0.9;0.1;Single Point;insert;2647;198.864;183 17 12 23 14 62 13 205 204 128 24 36 32 274 46 33 376 68 38 270 19 18 193 42 246 133 287 83 130 43 34 295 50 56 308 394 225 58 8 6 64 3 2 61 107 386 47 112 264 322 257 65 397 5 102 217 9 182 387 84 272 28 335 55 11 152 310 29 402 77 31 52 40 39 97 78 226 147 79 69 245 81 22 21 253 82 247 85 385 67 66 60 44 86 75 167 169 27 151 76 163 15 311 10 170 1 267 281 177 87 239 70 349 73 88 96 94 333 136 178 100 98 90 72 57 164 25 141 116 92 51 49 37 54 301 256 249 316 120 392 351 293 93 145 129 367 143 165 95 303 71 99 389 166 184 373 355 115 114 353 263 242 80 254 180 359 372 278 122 119 168 104 203 150 384 383 241 218 197 146 144 105 391 154 360 186 53 181 346 202 366 142 106 340 206 30 139 4 318 91 356 328 317 108 255 190 212 109 265 275 210 110 326 258 111 369 207 45 213 374 363 289 123 192 189 124 284 290 125 74 214 401 216 200 198 126 153 323 305 215 309 127 48 358 327 234 228 224 240 219 285 282 357 121 196 0 208 131 271 370 235 113 350 132 288 175 103 298 291 315 209 41 161 148 325 134 306 319 135 280 279 236 227 320 137 362 158 339 313 223 344 345 173 354 342 266 221 199 304 260 211 238 229 393 140 101 341 149 347 352 232 220 300 286 273 302 89 195 138 297 237 171 63 337 268 16 176 156 390 162 399 377 155 378 398 396 233 324 381 157 269 400 314 59 179 334 252 371 251 330 329 294 395 194 380 379 159 20 336 321 361 276 259 312 35 388 348 343 160 365 332 299 174 185 375 191 187 172 26 222 250 331 292 364 368 283 277 188 296 307 7 338 201 118 244 117 230 382 231 243 248 262 261 183
403;201;0.9;0.1;Single Point;insert;2607;199.977;186 53 6 23 14 62 13 205 204 24 36 32 274 46 87 33 376 68 38 270 19 18 42 402 287 83 332 179 43 34 295 202 50 56 103 304 394 225 253 58 8 29 64 3 2 61 107 386 47 112 322 257 65 308 260 312 35 136 387 9 218 84 272 28 127 137 360 176 139 367 11 101 311 10 126 55 140 59 95 237 151 310 52 40 39 77 31 73 385 302 89 78 226 147 182 128 79 69 245 81 22 21 82 247 85 208 397 5 172 26 102 248 12 86 75 97 169 27 15 133 1 131 184 4 130 129 318 333 267 281 221 67 66 60 44 88 96 94 90 72 57 91 160 25 163 116 92 51 49 37 316 120 392 351 293 93 145 152 143 335 111 369 165 364 303 71 244 70 217 349 115 114 353 263 99 389 180 359 157 269 373 355 400 194 324 144 242 80 374 41 177 262 261 201 118 393 246 239 117 314 76 313 7 278 122 119 168 104 203 150 384 383 220 197 146 212 174 185 190 100 98 211 105 391 154 106 340 158 339 209 356 251 328 317 108 255 167 54 181 346 189 109 275 210 110 326 258 207 45 213 363 289 123 192 338 124 284 290 125 74 214 401 216 200 198 161 148 325 331 323 305 215 309 193 162 48 358 327 234 228 224 240 219 285 282 357 235 121 153 271 395 132 243 175 291 315 134 288 249 178 231 306 319 135 280 279 206 30 141 183 17 252 191 187 236 227 320 254 223 344 361 173 354 342 266 142 199 238 229 149 347 352 166 300 265 138 297 286 296 298 171 63 337 268 16 195 156 390 155 20 159 378 398 396 350 230 382 381 241 330 329 294 233 380 379 188 276 273 345 299 259 388 348 366 292 343 301 256 336 321 362 307 368 222 250 164 365 170 334 375 371 370 196 0 232 283 277 341 264 113 372 399 377 186
403;201;0.9;0.1;Single Point;insert;2670;189.716;196 0 267 46 23 14 62 13 205 204 182 24 36 32 274 83 33 376 68 360 38 270 19 18 42 287 107 61 257 43 34 295 50 56 97 394 225 58 8 6 64 3 2 386 47 112 322 272 28 151 101 126 55 367 310 29 65 103 5 397 35 220 9 217 84 281 77 31 52 40 39 78 226 147 79 69 245 81 22 21 82 247 249 129 256 167 54 246 85 304 26 86 75 27 164 15 333 30 301 181 346 66 60 44 87 385 67 94 88 96 114 353 263 90 72 57 91 163 25 116 92 51 49 37 316 120 392 351 293 93 145 366 191 314 11 165 152 76 106 369 187 388 95 303 71 308 260 253 402 244 70 387 349 73 99 389 180 359 170 158 269 373 355 115 189 178 100 98 102 208 80 10 172 232 159 7 338 213 41 318 261 221 242 117 140 278 122 119 168 241 104 203 262 150 384 383 218 197 202 238 146 144 105 391 154 157 339 285 45 184 4 302 89 372 356 328 317 108 255 211 212 109 275 210 110 326 258 111 340 160 365 374 363 289 123 192 124 284 290 125 74 214 401 216 200 198 307 323 305 215 309 127 252 48 128 228 224 231 240 219 130 131 207 282 370 358 395 132 243 175 291 315 133 1 206 141 161 148 325 134 306 319 135 280 279 136 236 227 320 137 362 139 364 254 223 344 153 143 188 173 354 342 266 312 259 142 199 229 393 149 347 352 166 300 59 286 273 176 138 297 345 299 298 171 63 337 209 268 16 190 156 390 155 20 311 334 377 331 378 398 396 357 233 324 381 186 53 400 169 271 350 264 330 329 294 195 194 380 379 361 248 348 230 382 288 177 336 292 343 283 277 183 17 12 193 174 250 162 399 375 371 234 265 179 368 201 118 222 185 235 121 237 239 276 251 113 327 313 321 332 296 335 341 196
403;201;0.9;0.1;Single Point;insert;2693;189.323;183 17 12 237 194 324 144 23 14 62 13 205 204 24 36 32 274 46 33 376 68 38 270 19 18 42 287 83 268 43 34 295 178 100 44 182 50 56 397 394 225 208 58 8 6 64 3 2 61 107 386 47 112 251 322 257 65 103 5 97 172 35 385 9 150 84 272 28 101 95 55 313 20 367 143 140 59 310 29 77 31 52 40 39 78 226 147 79 69 245 81 22 21 82 247 85 26 201 261 86 314 75 27 133 1 206 267 281 87 220 67 66 60 98 88 96 94 90 72 57 91 25 141 116 92 51 49 37 249 301 256 316 120 392 351 293 93 145 184 4 333 30 163 15 160 365 179 170 334 139 45 165 130 364 303 71 252 242 70 218 349 73 99 389 187 402 111 369 373 0 159 7 158 269 196 355 115 114 353 263 102 246 244 80 157 339 164 232 302 89 341 332 296 285 151 11 213 278 122 119 168 104 203 142 387 384 383 197 105 391 154 190 106 340 169 10 372 356 328 317 108 255 312 260 146 212 167 109 275 210 110 265 326 258 318 118 209 41 374 363 289 253 360 181 346 189 123 192 338 124 284 290 193 129 125 74 214 401 216 200 198 126 152 76 305 215 309 127 48 264 358 327 128 228 224 136 131 207 282 357 121 311 271 395 132 243 54 240 288 175 291 315 283 277 161 148 325 134 306 319 135 280 279 211 236 227 320 137 362 254 223 344 188 173 177 222 185 186 53 354 342 266 308 259 221 199 361 229 393 307 149 347 352 166 300 180 359 217 273 231 219 176 138 297 286 298 171 63 337 304 16 233 156 390 153 368 155 378 398 396 331 323 400 241 330 329 294 370 195 380 379 388 343 366 292 248 348 238 299 235 113 350 202 174 250 162 399 377 230 382 381 234 239 117 262 335 371 375 191 336 321 345 276 183
403;201;0.9;0.1;Single Point;insert;2708;187.967;181 346 66 60 44 23 14 62 13 205 204 24 36 32 274 46 33 376 68 38 270 19 18 42 287 83 388 43 34 295 50 56 102 394 225 58 8 6 64 3 2 61 107 386 47 112 251 322 257 65 304 5 172 184 312 260 220 9 218 84 272 28 101 155 7 153 310 29 77 31 52 40 39 78 226 147 79 69 245 81 22 21 360 253 82 247 167 54 85 397 26 86 75 160 15 335 1 267 281 87 177 241 242 175 385 67 94 88 96 114 353 263 90 72 57 91 163 25 141 116 92 51 49 37 256 249 316 120 392 351 293 93 145 365 262 182 311 27 165 95 364 303 71 221 349 73 99 389 187 178 100 98 186 53 400 196 0 333 30 179 111 369 133 157 269 206 355 115 190 211 288 244 80 10 314 76 359 209 41 338 97 201 118 393 103 35 246 239 117 278 122 119 168 104 203 387 384 383 217 197 146 144 105 391 154 106 340 193 302 89 139 4 268 372 356 328 317 108 255 231 212 109 275 210 110 326 258 213 363 289 123 192 189 124 284 290 125 74 214 401 216 200 198 126 55 313 323 305 215 309 127 48 358 327 128 234 228 224 129 240 219 136 130 174 185 188 173 180 373 161 148 325 131 282 357 237 235 121 271 370 164 132 243 291 315 134 306 319 135 280 279 236 227 320 137 362 285 223 344 140 11 354 342 266 142 70 166 199 361 229 374 341 149 347 352 150 300 286 273 301 265 138 297 151 59 232 296 202 238 298 171 63 337 152 170 334 194 324 381 162 399 377 331 378 398 396 176 156 390 158 339 307 143 169 195 330 329 294 233 380 379 366 292 343 159 368 308 276 336 321 230 382 264 113 395 367 20 402 283 277 252 371 350 183 17 207 45 208 222 250 248 348 12 254 375 191 318 261 332 299 259 345 16 181
403;201;0.9;0.1;Single Point;insert;2669;199.401;186 53 6 23 14 62 13 205 204 24 36 32 274 46 33 376 68 38 270 19 18 42 133 287 83 43 34 295 50 56 397 394 225 58 8 29 64 3 2 61 107 386 47 112 264 322 257 65 232 261 87 103 35 387 9 84 272 28 372 41 86 310 52 40 39 77 31 73 304 78 226 147 79 69 245 81 22 21 82 247 249 54 85 367 75 27 160 15 202 157 1 267 281 308 5 220 172 26 166 67 66 60 44 88 96 94 90 72 57 164 25 141 116 190 100 98 92 51 49 37 231 288 241 201 318 316 120 392 351 293 360 193 93 145 163 365 151 76 111 165 95 303 71 97 242 70 218 349 400 99 389 91 359 208 159 143 131 30 179 402 158 269 333 373 355 115 114 353 263 102 221 117 302 89 314 59 11 262 118 393 237 213 278 122 119 168 104 203 217 384 383 197 146 144 105 391 154 106 340 206 45 209 356 328 317 108 255 126 211 212 335 109 275 210 110 326 258 150 311 10 374 363 289 123 192 189 265 124 284 290 125 74 214 401 216 200 198 130 187 307 323 305 215 309 127 162 48 251 358 327 128 129 234 228 224 240 219 181 346 338 139 282 357 121 395 177 185 132 243 182 175 291 315 239 336 161 148 325 134 306 319 248 135 280 279 136 236 227 320 137 254 223 344 140 101 174 173 354 342 266 142 199 149 347 352 385 300 332 273 167 194 324 381 188 296 286 298 12 171 63 297 268 16 178 138 337 253 155 20 252 399 377 313 7 331 378 398 396 246 176 156 390 169 55 184 153 271 370 330 329 294 195 233 380 379 388 343 285 334 361 299 259 152 292 348 183 17 235 113 350 375 371 170 339 180 369 230 382 196 4 312 260 207 0 222 250 238 229 244 80 283 277 341 301 256 191 345 276 364 368 366 321 362 186
403;201;0.9;0.1;Single Point;insert;2678;196.362;178 100 44 23 14 62 13 205 204 24 36 32 274 46 33 376 68 38 270 19 18 186 53 6 42 287 83 43 34 295 183 17 12 50 172 397 394 225 58 8 64 3 2 61 107 386 47 112 322 257 65 308 35 9 84 272 28 314 59 11 367 310 29 77 31 52 40 39 202 78 226 147 79 69 245 81 22 21 82 247 249 54 85 5 312 26 86 75 158 1 267 281 87 56 193 217 262 385 67 66 60 98 88 96 94 90 72 57 91 208 163 25 92 51 49 37 316 120 392 351 293 93 145 165 187 95 303 71 97 218 349 73 99 389 180 359 140 101 153 76 369 130 373 0 151 402 269 207 355 115 114 353 263 169 27 126 10 102 331 7 41 232 89 313 20 393 103 246 239 117 209 278 122 119 168 104 203 387 384 383 220 197 361 146 144 105 391 154 106 340 364 150 253 360 184 4 335 213 356 328 317 108 255 212 109 275 210 110 326 258 372 363 289 111 123 192 189 124 284 290 211 125 74 214 401 216 200 198 128 159 323 305 215 309 182 127 48 251 358 327 234 228 224 129 301 256 240 219 350 285 282 357 235 121 136 132 243 231 288 175 291 315 133 339 307 143 161 148 325 134 306 319 135 280 279 236 227 320 333 137 362 139 254 223 344 302 173 354 342 266 141 365 377 142 286 259 237 166 199 195 238 229 311 55 341 149 347 352 304 260 188 299 273 190 138 297 167 332 296 298 171 63 337 177 222 185 268 16 265 176 156 390 181 346 338 155 378 398 396 194 324 381 157 206 30 131 400 152 271 264 330 329 294 370 233 380 379 345 276 388 343 160 116 252 191 318 261 248 348 230 382 241 113 244 80 374 283 277 336 292 162 399 366 321 179 368 174 250 375 371 395 164 15 170 334 196 45 201 118 221 300 242 70 178
403;201;0.9;0.1;Single Point;insert;2728;195.298;186 53 183 17 12 23 14 62 13 205 204 24 36 195 32 274 46 33 376 68 38 270 19 18 42 287 83 43 34 295 50 56 312 394 225 58 8 6 64 3 2 61 107 386 47 112 322 257 181 346 66 60 44 397 5 102 103 260 385 9 218 84 272 28 101 169 10 126 55 314 76 338 268 89 310 29 77 31 52 40 39 78 226 147 79 69 245 81 22 21 82 247 253 137 54 85 172 26 86 75 311 27 158 1 131 267 281 87 221 67 94 366 88 96 114 353 263 90 72 57 65 91 116 178 100 98 92 51 49 37 316 256 301 120 392 351 293 93 145 111 369 155 143 141 164 365 140 11 165 196 0 208 97 333 127 206 30 130 157 269 373 355 73 95 303 71 239 70 220 349 115 99 389 187 207 45 400 184 4 367 59 153 7 318 302 307 20 393 177 244 80 278 122 119 168 232 246 242 117 151 213 356 328 317 241 193 104 203 387 384 383 217 197 361 146 144 105 391 154 106 340 372 41 402 133 339 201 118 363 289 108 255 212 109 275 210 110 326 258 163 223 214 192 189 123 48 264 358 327 124 284 290 125 74 216 200 198 331 323 305 215 309 360 375 191 237 128 234 228 224 129 211 320 231 202 240 219 285 282 357 121 132 243 175 291 315 254 335 161 148 325 134 306 319 135 280 279 136 159 292 329 294 230 236 227 381 166 173 344 286 259 142 199 139 238 229 149 347 352 150 300 341 170 334 171 345 299 273 370 182 382 190 138 266 160 25 152 342 297 308 16 265 176 156 390 374 401 354 15 313 378 337 262 261 332 276 298 248 63 377 209 398 396 233 324 288 249 362 174 185 167 188 296 364 271 395 251 330 388 348 343 222 250 194 380 379 336 321 235 113 252 371 350 162 399 283 277 179 368 180 359 304 35 186
403;100;0.75;0.35;Cycle;insert;2508;22.7515;87 56 172 26 308 394 14 62 13 205 204 246 23 225 167 102 24 36 32 274 46 33 376 68 177 38 270 19 18 133 287 83 42 43 34 295 222 250 232 237 150 84 107 61 257 58 8 6 262 261 64 3 2 386 47 112 251 322 272 41 151 101 268 16 311 55 367 310 29 77 31 52 40 39 78 226 147 184 50 79 69 245 81 22 21 137 82 247 126 27 158 1 206 267 281 388 136 166 67 66 60 44 88 96 94 65 90 72 57 141 116 361 51 49 37 54 103 301 120 392 351 293 93 145 111 369 179 303 71 242 70 91 387 349 73 99 389 187 180 359 209 278 377 131 355 115 114 353 263 302 89 110 239 117 86 11 340 163 15 127 399 122 119 168 104 203 218 384 383 202 92 146 144 105 391 154 106 165 213 356 264 328 317 201 118 335 240 219 108 255 109 275 210 265 326 258 253 285 45 374 363 289 123 192 189 124 284 290 125 74 214 401 216 200 198 181 346 338 331 323 305 215 309 211 85 162 48 358 327 234 228 224 207 282 357 97 169 271 395 132 243 175 291 315 375 191 152 143 161 148 325 157 339 134 306 319 135 280 279 220 197 155 75 254 223 344 140 183 17 12 318 193 173 354 342 266 238 229 393 149 347 352 241 113 186 53 400 304 5 129 195 221 300 286 273 236 227 381 171 63 297 190 100 98 178 138 337 153 76 313 378 398 396 350 233 324 212 176 156 390 128 231 288 248 348 329 294 370 330 343 160 365 345 299 259 312 35 332 296 164 25 366 321 379 336 292 174 185 170 334 188 276 298 230 382 320 194 380 362 196 0 217 9 372 28 182 373 235 121 252 371 283 277 341 159 7 307 20 360 333 30 139 4 314 59 142 208 316 256 249 95 10 130 244 80 364 368 385 199 397 260 402 269 87
403;100;0.75;0.35;Cycle;insert;2561;24.1636;99 389 187 23 14 62 13 205 204 24 36 140 59 318 32 274 46 33 376 68 38 270 19 18 402 287 43 34 295 50 56 397 394 225 58 8 6 64 3 2 61 107 386 47 112 322 257 304 260 308 5 387 84 272 28 151 101 152 76 95 367 310 29 77 31 52 40 39 237 78 226 147 79 69 142 65 81 22 21 82 247 246 86 11 314 75 164 15 133 1 333 267 281 385 67 66 60 44 360 96 94 90 72 57 92 51 49 37 54 301 120 392 351 293 93 145 160 365 159 143 157 339 158 269 131 355 73 364 303 71 220 197 242 70 129 150 349 115 114 353 263 141 116 374 41 302 89 201 118 213 278 122 119 168 285 104 384 383 9 146 144 103 105 391 154 106 340 111 369 336 292 372 356 85 373 251 328 317 335 108 255 232 233 324 212 109 275 210 97 265 326 258 207 45 209 363 289 102 127 192 189 124 284 290 125 74 214 401 216 200 198 126 10 268 16 153 323 305 215 309 162 48 358 327 208 234 228 224 218 240 219 184 282 357 132 243 175 291 315 311 55 165 42 161 148 325 134 306 319 135 280 279 241 113 139 4 196 0 254 223 344 253 180 359 361 173 354 342 266 286 259 137 128 221 199 238 229 393 149 347 352 345 299 273 350 236 227 381 130 332 276 298 171 63 297 178 138 337 177 181 346 338 211 155 378 398 396 194 156 390 179 368 245 193 170 334 388 331 271 370 166 300 202 248 348 329 294 83 195 330 343 169 27 366 321 379 91 123 399 377 222 250 163 25 110 206 30 230 382 320 182 235 121 264 380 362 174 185 183 17 12 252 371 395 88 190 100 98 231 288 186 53 400 188 296 217 203 87 176 262 261 244 80 307 7 172 26 316 256 249 312 35 313 20 375 191 167 239 117 136 283 277 341 99
